"CloneClassID","SiblingCount","Avg_CloneLineCount","Diff_CloneLineCount","Avg_TokenCount","Diff_TokenCount","CloneType","Avg_DirectoryDistance","Max_DirectoryDistance","Avg_EditDistance","Max_EditDistance","Avg_LineCount","Diff_LineCount","Avg_LineCodeCount","Diff_LineCodeCount","Avg_LineCodeDeclCount","Diff_LineCodeDeclCount","Avg_LineCodeExeCount","Diff_LineCodeExeCount","Avg_StmtCount","Diff_StmtCount","Avg_StmtDeclCount","Diff_StmtDeclCount","Avg_StmtExeCount","Diff_StmtExeCount","Avg_RatioLineCount","Diff_RatioLineCount","Avg_RatioLineCodeCount","Diff_RatioLineCodeCount","Avg_RatioLineCodeDeclCount","Diff_RatioLineCodeDeclCount","Avg_RatioLineCodeExeCount","Diff_RatioLineCodeExeCount","Avg_RatioStmtCount","Diff_RatioStmtCount","Avg_RatioStmtDeclCount","Diff_RatioStmtDeclCount","Avg_RatioStmtExeCount","Diff_RatioStmtExeCount","Avg_FanOut","Diff_FanOut","Avg_FanIn","Diff_FanIn","Avg_Cyclomatic","Diff_Cyclomatic","Avg_CyclomaticModified","Diff_CyclomaticModified","Avg_CyclomaticStrict","Diff_CyclomaticStrict","Avg_Essential","Diff_Essential","Avg_MaxNesting","Diff_MaxNesting","Avg_CountLineComment","Diff_CountLineComment","Avg_RatioCommentToCode","Diff_RatioCommentToCode","Avg_Churn","Diff_Churn","Avg_LineAdded","Diff_LineAdded","Avg_LineDeleted","Diff_LineDeleted","Avg_CommitCount","Diff_CommitCount","Avg_DeveloperCount","Diff_DeveloperCount","Avg_MajorDeveloperCount","Diff_MajorDeveloperCount","Avg_FixCommitCount","Diff_FixCommitCount","Avg_NewFeatureCommitCount","Diff_NewFeatureCommitCount","Avg_ImproveCommitCount","Diff_ImproveCommitCount"
2,1,28,0,143,0,"Type_1",0,0,6,6,40.5,3,39.5,1,3.5,1,18,0,12,0,2,0,10,0,1.44642857142857,0.107142857142857,1.44642857142857,0.107142857142857,0.125,0.0357142857142857,0.642857142857143,0,0.428571428571429,0,0.125,0.0357142857142857,0.357142857142857,0,5,0,14.5,5,8,0,8,0,8,0,1,0,1,0,1,2,0.025,0.05,32,12,27,12,9,0,4,0,1,0,1,0,0,0,0,0,4,0
3,1,17,0,100,0,"Type_1",0,0,36,36,44.5,15,27.5,9,12.5,3,23.5,9,24.5,9,11.5,3,13,6,2.61764705882353,0.882352941176471,2.61764705882353,0.882352941176471,0.735294117647059,0.176470588235294,1.38235294117647,0.529411764705882,1.44117647058824,0.529411764705882,0.735294117647059,0.176470588235294,0.764705882352941,0.352941176470588,17.5,3,2.5,1,1,0,1,0,1,0,1,0,0,0,1,0,0.035,0.01,25.5,9,25.5,9,2,0,1,0,1,0,1,0,0,0,1,0,0,0
6,3,11,0,144,0,"Type_1",0,0,0.17,1,481,0,441,0,7,0,437,0,438,0,6,0,432,0,43.7272727272727,0,43.7272727272727,0,0.636363636363636,0,39.7272727272727,0,39.8181818181818,0,0.636363636363636,0,39.2727272727273,0,15,0,6,0,1,0,1,0,1,0,1,0,0,0,4,0,0.01,0,453,0,446,0,14,0,6,0,1,0,1,0,0,0,0,0,6,0
9,1,16,0,101,0,"Type_1",0,0,3,3,32.5,1,25.5,1,5,0,16.5,1,18,0,6,0,12,0,2.03125,0.0625,2.03125,0.0625,0.3125,0,1.03125,0.0625,1.125,0,0.3125,0,0.75,0,22,0,3,2,4,0,4,0,6,2,1,0,2,0,1,0,0.04,0,23,4,22,2,4.5,5,2.5,3,1.5,1,1.5,1,0,0,1.5,1,1,2
12,1,12,0,117,0,"Type_1",0,0,15,15,481,0,441,0,7,0,437,0,438,0,6,0,432,0,40.0833333333333,0,40.0833333333333,0,0.583333333333333,0,36.4166666666667,0,36.5,0,0.583333333333333,0,36,0,15,0,6,0,1,0,1,0,1,0,1,0,0,0,4,0,0.01,0,453,0,446,0,14,0,6,0,1,0,1,0,0,0,0,0,6,0
13,1,12,0,117,0,"Type_1",0,0,7,7,481,0,441,0,7,0,437,0,438,0,6,0,432,0,40.0833333333333,0,40.0833333333333,0,0.583333333333333,0,36.4166666666667,0,36.5,0,0.583333333333333,0,36,0,15,0,6,0,1,0,1,0,1,0,1,0,0,0,4,0,0.01,0,453,0,446,0,14,0,6,0,1,0,1,0,0,0,0,0,6,0
15,3,9,0,100,0,"Type_1",0,0,0.83,5,481,0,441,0,7,0,437,0,438,0,6,0,432,0,53.4444444444444,0,53.4444444444444,0,0.777777777777778,0,48.5555555555556,0,48.6666666666667,0,0.777777777777778,0,48,0,15,0,6,0,1,0,1,0,1,0,1,0,0,0,4,0,0.01,0,453,0,446,0,14,0,6,0,1,0,1,0,0,0,0,0,6,0
17,2,9,0,100,0,"Type_1",0,0,2.33,7,481,0,441,0,7,0,437,0,438,0,6,0,432,0,53.4444444444444,0,53.4444444444444,0,0.777777777777778,0,48.5555555555556,0,48.6666666666667,0,0.777777777777778,0,48,0,15,0,6,0,1,0,1,0,1,0,1,0,0,0,4,0,0.01,0,453,0,446,0,14,0,6,0,1,0,1,0,0,0,0,0,6,0
18,1,19,0,223,0,"Type_1",0,0,4,4,481,0,441,0,7,0,437,0,438,0,6,0,432,0,25.3157894736842,0,25.3157894736842,0,0.368421052631579,0,23,0,23.0526315789474,0,0.368421052631579,0,22.7368421052632,0,15,0,6,0,1,0,1,0,1,0,1,0,0,0,4,0,0.01,0,453,0,446,0,14,0,6,0,1,0,1,0,0,0,0,0,6,0
21,1,10,0,109,0,"Type_1",0,0,1,1,481,0,441,0,7,0,437,0,438,0,6,0,432,0,48.1,0,48.1,0,0.7,0,43.7,0,43.8,0,0.7,0,43.2,0,15,0,6,0,1,0,1,0,1,0,1,0,0,0,4,0,0.01,0,453,0,446,0,14,0,6,0,1,0,1,0,0,0,0,0,6,0
22,1,10,0,109,0,"Type_1",0,0,2,2,481,0,441,0,7,0,437,0,438,0,6,0,432,0,48.1,0,48.1,0,0.7,0,43.7,0,43.8,0,0.7,0,43.2,0,15,0,6,0,1,0,1,0,1,0,1,0,0,0,4,0,0.01,0,453,0,446,0,14,0,6,0,1,0,1,0,0,0,0,0,6,0
23,1,15,0,155,0,"Type_1",0,0,25,25,481,0,441,0,7,0,437,0,438,0,6,0,432,0,32.0666666666667,0,32.0666666666667,0,0.466666666666667,0,29.1333333333333,0,29.2,0,0.466666666666667,0,28.8,0,15,0,6,0,1,0,1,0,1,0,1,0,0,0,4,0,0.01,0,453,0,446,0,14,0,6,0,1,0,1,0,0,0,0,0,6,0
24,1,10,0,109,0,"Type_1",0,0,2,2,481,0,441,0,7,0,437,0,438,0,6,0,432,0,48.1,0,48.1,0,0.7,0,43.7,0,43.8,0,0.7,0,43.2,0,15,0,6,0,1,0,1,0,1,0,1,0,0,0,4,0,0.01,0,453,0,446,0,14,0,6,0,1,0,1,0,0,0,0,0,6,0
27,1,28,0,248,0,"Type_1",0,0,0,0,132,62,110.5,37,18.5,13,65,26,57.5,33,16.5,15,41,18,4.71428571428571,2.21428571428571,4.71428571428571,2.21428571428571,0.660714285714286,0.464285714285714,2.32142857142857,0.928571428571428,2.05357142857143,1.17857142857143,0.660714285714286,0.464285714285714,1.46428571428571,0.642857142857143,39.5,27,11.5,1,15.5,5,15.5,5,16.5,7,1,0,4,0,3,2,0.025,0.01,63.5,107,31.5,49,42,72,10,14,2.5,1,2.5,1,1.5,3,0.5,1,8,10
35,1,41.5,9,133,6,"Type_3",17,17,559,559,41.5,9,19.5,3,3,0,11.5,1,11.5,1,3,0,8.5,1,1,0,1,0,0.0731492361927145,0.0158636897767333,0.279083431257344,0.036427732079906,0.279083431257344,0.036427732079906,0.0731492361927145,0.0158636897767333,0.20593419506463,0.0205640423031727,6,0,4,0,2.5,1,2.5,1,2.5,1,1,0,1.5,1,17.5,5,0.89,0.12,19.5,3,19.5,3,4,0,2,2,1.5,1,1.5,1,0.5,1,0,0,1.5,1
36,1,47.5,31,141,0,"Type_2",0,0,1549,1549,62,32,34.5,1,6.5,1,17,0,19,0,7,0,12,0,1.33779761904762,0.199404761904762,1.33779761904762,0.199404761904762,0.149305555555556,0.0763888888888889,0.400545634920635,0.26140873015873,0.447668650793651,0.292162698412698,0.149305555555556,0.0763888888888889,0.282738095238095,0.18452380952381,12,0,4.5,1,8,0,8,0,9,0,4,0,6,0,21,30,0.605,0.85,39.5,21,34.5,11,7.5,11,1.5,1,1,0,1,0,0,0,0,0,1.5,1
37,1,32,0,183.5,11,"Type_3",0,0,63,63,32,0,25,0,5,0,16,0,18,0,6,0,12,0,1,0,1,0,0.15625,0,0.5,0,0.5625,0,0.15625,0,0.375,0,22,0,2.5,1,4,0,4,0,5.5,1,1,0,2,0,1,0,0.04,0,21,0,21,0,2.5,1,1.5,1,1.5,1,1.5,1,0,0,1,0,0.5,1
40,2,31,5,176.333333333333,42,"Type_3",0,0,103,309,33.6666666666667,4,24.3333333333333,4,5,0,16,2,17.6666666666667,1,6,0,11.6666666666667,1,1.08742393509128,0.0446247464503042,1.08742393509128,0.0446247464503042,0.162046427766509,0.0253549695740365,0.519855758395312,0.125490196078431,0.573563218390805,0.120689655172414,0.162046427766509,0.0253549695740365,0.379107505070994,0.09026369168357,21.6666666666667,1,2.33333333333333,3,3.66666666666667,1,3.66666666666667,1,5.33333333333333,3,1,0,1.66666666666667,1,3,6,0.133333333333333,0.28,28.3333333333333,18,24.3333333333333,8,7.66666666666667,12,2.66666666666667,3,1.66666666666667,1,1.66666666666667,1,0,0,1.33333333333333,1,1.33333333333333,2
41,1,32.5,1,196.5,15,"Type_3",0,0,81,81,32.5,1,25.5,1,5,0,16.5,1,18,0,6,0,12,0,1,0,1,0,0.153882575757576,0.00473484848484848,0.507575757575758,0.0151515151515151,0.553977272727273,0.0170454545454546,0.153882575757576,0.00473484848484848,0.369318181818182,0.0113636363636364,22,0,3.5,1,4,0,4,0,6.5,1,1,0,2,0,1,0,0.04,0,23,4,22,2,5,4,3,2,2,0,2,0,0,0,1.5,1,1.5,1
43,1,15,0,106,0,"Type_2",0,0,18,18,15,0,13,0,5,0,9,0,10,0,4,0,6,0,1,0,1,0,0.333333333333333,0,0.6,0,0.666666666666667,0,0.333333333333333,0,0.4,0,9,0,0,0,1,0,1,0,1,0,1,0,0,0,0,0,0,0,2,0,1,0,2,0,1,0,1,0,1,0,0,0,0,0,1,0
49,1,17,0,127,0,"Type_2",0,0,20,20,17,0,12,0,7,0,8,0,9,0,6,0,3,0,1,0,1,0,0.411764705882353,0,0.470588235294118,0,0.529411764705882,0,0.411764705882353,0,0.176470588235294,0,9,0,3,0,1,0,1,0,1,0,1,0,0,0,2,0,0.17,0,12,0,11,0,4,0,2,0,1,0,1,0,0,0,0,0,2,0
51,1,16,0,117,0,"Type_2",0,0,24,24,17,0,12,0,7,0,8,0,9,0,6,0,3,0,1.0625,0,1.0625,0,0.4375,0,0.5,0,0.5625,0,0.4375,0,0.1875,0,9,0,3,0,1,0,1,0,1,0,1,0,0,0,2,0,0.17,0,18,12,14,6,8,8,3,2,1,0,1,0,0,0,0.5,1,2.5,1
53,3,16,0,117,0,"Type_2",0,0,7.33,44,17,0,12,0,7,0,8,0,9,0,6,0,3,0,1.0625,0,1.0625,0,0.4375,0,0.5,0,0.5625,0,0.4375,0,0.1875,0,9,0,3,0,1,0,1,0,1,0,1,0,0,0,2,0,0.17,0,18,12,14,6,8,8,3,2,1,0,1,0,0,0,0.5,1,2.5,1
54,1,17,0,127,0,"Type_2",0,0,20,20,17,0,12,0,7,0,8,0,9,0,6,0,3,0,1,0,1,0,0.411764705882353,0,0.470588235294118,0,0.529411764705882,0,0.411764705882353,0,0.176470588235294,0,9,0,3,0,1,0,1,0,1,0,1,0,0,0,2,0,0.17,0,24,0,17,0,12,0,4,0,1,0,1,0,0,0,1,0,3,0
55,1,16,0,117,0,"Type_2",0,0,24,24,17,0,12,0,7,0,8,0,9,0,6,0,3,0,1.0625,0,1.0625,0,0.4375,0,0.5,0,0.5625,0,0.4375,0,0.1875,0,9,0,3,0,1,0,1,0,1,0,1,0,0,0,2,0,0.17,0,18,12,14,6,8,8,3,2,1,0,1,0,0,0,0.5,1,2.5,1
58,1,14,0,102,0,"Type_2",0,0,18,18,14,0,12,0,6,0,8,0,8,0,5,0,3,0,1,0,1,0,0.428571428571429,0,0.571428571428571,0,0.571428571428571,0,0.428571428571429,0,0.214285714285714,0,8,0,1,0,1,0,1,0,1,0,1,0,0,0,0,0,0,0,9,0,9,0,2,0,1,0,1,0,1,0,0,0,0,0,1,0
59,1,17.5,1,125,0,"Type_3",0,0,93,93,18.5,1,16,0,9,0,12,0,11,0,8,0,3,0,1.05718954248366,0.00326797385620914,1.05718954248366,0.00326797385620914,0.514705882352941,0.0294117647058824,0.686274509803922,0.0392156862745099,0.629084967320261,0.0359477124183006,0.514705882352941,0.0294117647058824,0.17156862745098,0.00980392156862747,8,0,1,0,1,0,1,0,1,0,1,0,0,0,0.5,1,0.03,0.06,12,0,12,0,2,0,1,0,1,0,1,0,0,0,0,0,1,0
96,1,29.5,15,301.5,145,"Type_3",0,0,947,947,481,0,441,0,7,0,437,0,438,0,6,0,432,0,17.4318181818182,8.86363636363636,17.4318181818182,8.86363636363636,0.253685503685504,0.128992628992629,15.8372235872236,8.05282555282555,15.8734643734644,8.07125307125307,0.253685503685504,0.128992628992629,15.6560196560197,7.96068796068796,15,0,6,0,1,0,1,0,1,0,1,0,0,0,4,0,0.01,0,453,0,446,0,14,0,6,0,1,0,1,0,0,0,0,0,6,0
99,2,14,0,168,0,"Type_2",0,0,8.33,25,481,0,441,0,7,0,437,0,438,0,6,0,432,0,34.3571428571429,0,34.3571428571429,0,0.5,0,31.2142857142857,0,31.2857142857143,0,0.5,0,30.8571428571429,0,15,0,6,0,1,0,1,0,1,0,1,0,0,0,4,0,0.01,0,453,0,446,0,14,0,6,0,1,0,1,0,0,0,0,0,6,0
101,1,20.5,5,228,68,"Type_3",0,0,434,434,481,0,441,0,7,0,437,0,438,0,6,0,432,0,23.8176328502415,5.80917874396135,23.8176328502415,5.80917874396135,0.346618357487923,0.0845410628019324,21.6388888888889,5.27777777777778,21.6884057971014,5.28985507246377,0.346618357487923,0.0845410628019324,21.3913043478261,5.21739130434782,15,0,6,0,1,0,1,0,1,0,1,0,0,0,4,0,0.01,0,453,0,446,0,14,0,6,0,1,0,1,0,0,0,0,0,6,0
102,1,33.5,5,384,68,"Type_3",0,0,444,444,481,0,441,0,7,0,437,0,438,0,6,0,432,0,14.4386200716846,2.15501792114695,14.4386200716846,2.15501792114695,0.210125448028674,0.0313620071684588,13.1178315412186,1.9578853046595,13.1478494623656,1.96236559139785,0.210125448028674,0.0313620071684588,12.9677419354839,1.93548387096774,15,0,6,0,1,0,1,0,1,0,1,0,0,0,4,0,0.01,0,453,0,446,0,14,0,6,0,1,0,1,0,0,0,0,0,6,0
104,1,26,0,314,0,"Type_2",0,0,27,27,481,0,441,0,7,0,437,0,438,0,6,0,432,0,18.5,0,18.5,0,0.269230769230769,0,16.8076923076923,0,16.8461538461538,0,0.269230769230769,0,16.6153846153846,0,15,0,6,0,1,0,1,0,1,0,1,0,0,0,4,0,0.01,0,453,0,446,0,14,0,6,0,1,0,1,0,0,0,0,0,6,0
105,1,32,0,374,0,"Type_2",0,0,25,25,481,0,441,0,7,0,437,0,438,0,6,0,432,0,15.03125,0,15.03125,0,0.21875,0,13.65625,0,13.6875,0,0.21875,0,13.5,0,15,0,6,0,1,0,1,0,1,0,1,0,0,0,4,0,0.01,0,453,0,446,0,14,0,6,0,1,0,1,0,0,0,0,0,6,0
106,1,15.5,5,171,68,"Type_3",0,0,426,426,481,0,441,0,7,0,437,0,438,0,6,0,432,0,31.8611111111111,10.2777777777778,31.8611111111111,10.2777777777778,0.463675213675214,0.14957264957265,28.9465811965812,9.33760683760683,29.0128205128205,9.35897435897436,0.463675213675214,0.14957264957265,28.6153846153846,9.23076923076923,15,0,6,0,1,0,1,0,1,0,1,0,0,0,4,0,0.01,0,453,0,446,0,14,0,6,0,1,0,1,0,0,0,0,0,6,0
107,1,35.5,15,368.5,145,"Type_3",0,0,961,961,481,0,441,0,7,0,437,0,438,0,6,0,432,0,14.1823089700997,5.99252491694352,14.1823089700997,5.99252491694352,0.206395348837209,0.0872093023255814,12.8849667774086,5.44435215946844,12.9144518272425,5.45681063122924,0.206395348837209,0.0872093023255814,12.7375415282392,5.38205980066445,15,0,6,0,1,0,1,0,1,0,1,0,0,0,4,0,0.01,0,453,0,446,0,14,0,6,0,1,0,1,0,0,0,0,0,6,0
108,1,35,14,355,118,"Type_3",0,0,833,833,481,0,441,0,7,0,437,0,438,0,6,0,432,0,14.3154761904762,5.72619047619047,14.3154761904762,5.72619047619047,0.208333333333333,0.0833333333333333,13.0059523809524,5.20238095238095,13.0357142857143,5.21428571428571,0.208333333333333,0.0833333333333333,12.8571428571429,5.14285714285714,15,0,6,0,1,0,1,0,1,0,1,0,0,0,4,0,0.01,0,453,0,446,0,14,0,6,0,1,0,1,0,0,0,0,0,6,0
109,1,17.5,5,199,68,"Type_3",0,0,422,422,481,0,441,0,7,0,437,0,438,0,6,0,432,0,28.0583333333333,8.01666666666667,28.0583333333333,8.01666666666667,0.408333333333333,0.116666666666667,25.4916666666667,7.28333333333333,25.55,7.3,0.408333333333333,0.116666666666667,25.2,7.2,15,0,6,0,1,0,1,0,1,0,1,0,0,0,4,0,0.01,0,453,0,446,0,14,0,6,0,1,0,1,0,0,0,0,0,6,0
112,1,16,0,178,0,"Type_2",0,0,16,16,481,0,441,0,7,0,437,0,438,0,6,0,432,0,30.0625,0,30.0625,0,0.4375,0,27.3125,0,27.375,0,0.4375,0,27,0,15,0,6,0,1,0,1,0,1,0,1,0,0,0,4,0,0.01,0,453,0,446,0,14,0,6,0,1,0,1,0,0,0,0,0,6,0
120,2,18.3333333333333,7,197.666666666667,59,"Type_3",0,0,133.67,401,481,0,441,0,7,0,437,0,438,0,6,0,432,0,27.0126811594203,9.14945652173913,27.0126811594203,9.14945652173913,0.393115942028986,0.133152173913043,24.5416666666667,8.3125,24.5978260869565,8.33152173913043,0.393115942028986,0.133152173913043,24.2608695652174,8.21739130434782,15,0,6,0,1,0,1,0,1,0,1,0,0,0,4,0,0.01,0,453,0,446,0,14,0,6,0,1,0,1,0,0,0,0,0,6,0
121,1,17,0,170,0,"Type_2",0,0,15,15,481,0,441,0,7,0,437,0,438,0,6,0,432,0,28.2941176470588,0,28.2941176470588,0,0.411764705882353,0,25.7058823529412,0,25.7647058823529,0,0.411764705882353,0,25.4117647058824,0,15,0,6,0,1,0,1,0,1,0,1,0,0,0,4,0,0.01,0,453,0,446,0,14,0,6,0,1,0,1,0,0,0,0,0,6,0
122,1,17.5,7,179.5,59,"Type_3",0,0,410,410,481,0,441,0,7,0,437,0,438,0,6,0,432,0,28.6309523809524,11.4523809523809,28.6309523809524,11.4523809523809,0.416666666666667,0.166666666666667,26.0119047619048,10.4047619047619,26.0714285714286,10.4285714285714,0.416666666666667,0.166666666666667,25.7142857142857,10.2857142857143,15,0,6,0,1,0,1,0,1,0,1,0,0,0,4,0,0.01,0,453,0,446,0,14,0,6,0,1,0,1,0,0,0,0,0,6,0
123,1,25.5,7,267.5,59,"Type_3",0,0,410,410,481,0,441,0,7,0,437,0,438,0,6,0,432,0,19.224921630094,5.27742946708464,19.224921630094,5.27742946708464,0.279780564263323,0.0768025078369906,17.4663009404389,4.79467084639498,17.5062695924765,4.80564263322884,0.279780564263323,0.0768025078369906,17.2664576802508,4.73981191222571,15,0,6,0,1,0,1,0,1,0,1,0,0,0,4,0,0.01,0,453,0,446,0,14,0,6,0,1,0,1,0,0,0,0,0,6,0
124,1,18.5,7,183.5,59,"Type_3",0,0,406,406,481,0,441,0,7,0,437,0,438,0,6,0,432,0,26.9651515151515,10.2030303030303,26.9651515151515,10.2030303030303,0.392424242424242,0.148484848484848,24.4984848484848,9.26969696969697,24.5545454545455,9.29090909090909,0.392424242424242,0.148484848484848,24.2181818181818,9.16363636363636,15,0,6,0,1,0,1,0,1,0,1,0,0,0,4,0,0.01,0,453,0,446,0,14,0,6,0,1,0,1,0,0,0,0,0,6,0
125,1,19.5,3,169,18,"Type_3",0,0,151,151,481,0,441,0,7,0,437,0,438,0,6,0,432,0,24.8134920634921,3.81746031746032,24.8134920634921,3.81746031746032,0.361111111111111,0.0555555555555556,22.5436507936508,3.46825396825397,22.5952380952381,3.47619047619047,0.361111111111111,0.0555555555555556,22.2857142857143,3.42857142857143,15,0,6,0,1,0,1,0,1,0,1,0,0,0,4,0,0.01,0,453,0,446,0,14,0,6,0,1,0,1,0,0,0,0,0,6,0
128,2,10,0,111,0,"Type_2",0,0,4,12,481,0,441,0,7,0,437,0,438,0,6,0,432,0,48.1,0,48.1,0,0.7,0,43.7,0,43.8,0,0.7,0,43.2,0,15,0,6,0,1,0,1,0,1,0,1,0,0,0,4,0,0.01,0,453,0,446,0,14,0,6,0,1,0,1,0,0,0,0,0,6,0
129,1,24.5,21,238.5,177,"Type_3",0,0,1234,1234,481,0,441,0,7,0,437,0,438,0,6,0,432,0,24.05,20.6142857142857,24.05,20.6142857142857,0.35,0.3,21.85,18.7285714285714,21.9,18.7714285714286,0.35,0.3,21.6,18.5142857142857,15,0,6,0,1,0,1,0,1,0,1,0,0,0,4,0,0.01,0,453,0,446,0,14,0,6,0,1,0,1,0,0,0,0,0,6,0
131,1,11,0,120,0,"Type_2",0,0,12,12,481,0,441,0,7,0,437,0,438,0,6,0,432,0,43.7272727272727,0,43.7272727272727,0,0.636363636363636,0,39.7272727272727,0,39.8181818181818,0,0.636363636363636,0,39.2727272727273,0,15,0,6,0,1,0,1,0,1,0,1,0,0,0,4,0,0.01,0,453,0,446,0,14,0,6,0,1,0,1,0,0,0,0,0,6,0
132,1,13,0,139,0,"Type_2",0,0,15,15,481,0,441,0,7,0,437,0,438,0,6,0,432,0,37,0,37,0,0.538461538461538,0,33.6153846153846,0,33.6923076923077,0,0.538461538461538,0,33.2307692307692,0,15,0,6,0,1,0,1,0,1,0,1,0,0,0,4,0,0.01,0,453,0,446,0,14,0,6,0,1,0,1,0,0,0,0,0,6,0
133,1,11,0,120,0,"Type_2",0,0,14,14,481,0,441,0,7,0,437,0,438,0,6,0,432,0,43.7272727272727,0,43.7272727272727,0,0.636363636363636,0,39.7272727272727,0,39.8181818181818,0,0.636363636363636,0,39.2727272727273,0,15,0,6,0,1,0,1,0,1,0,1,0,0,0,4,0,0.01,0,453,0,446,0,14,0,6,0,1,0,1,0,0,0,0,0,6,0
134,1,25.5,21,242.5,177,"Type_3",0,0,1237,1237,481,0,441,0,7,0,437,0,438,0,6,0,432,0,22.7138888888889,18.7055555555556,22.7138888888889,18.7055555555556,0.330555555555556,0.272222222222222,20.6361111111111,16.9944444444444,20.6833333333333,17.0333333333333,0.330555555555556,0.272222222222222,20.4,16.8,15,0,6,0,1,0,1,0,1,0,1,0,0,0,4,0,0.01,0,453,0,446,0,14,0,6,0,1,0,1,0,0,0,0,0,6,0
136,1,10,0,111,0,"Type_2",0,0,5,5,481,0,441,0,7,0,437,0,438,0,6,0,432,0,48.1,0,48.1,0,0.7,0,43.7,0,43.8,0,0.7,0,43.2,0,15,0,6,0,1,0,1,0,1,0,1,0,0,0,4,0,0.01,0,453,0,446,0,14,0,6,0,1,0,1,0,0,0,0,0,6,0
137,1,15,0,154,0,"Type_2",0,0,19,19,481,0,441,0,7,0,437,0,438,0,6,0,432,0,32.0666666666667,0,32.0666666666667,0,0.466666666666667,0,29.1333333333333,0,29.2,0,0.466666666666667,0,28.8,0,15,0,6,0,1,0,1,0,1,0,1,0,0,0,4,0,0.01,0,453,0,446,0,14,0,6,0,1,0,1,0,0,0,0,0,6,0
138,1,31,0,313,0,"Type_2",0,0,41,41,481,0,441,0,7,0,437,0,438,0,6,0,432,0,15.5161290322581,0,15.5161290322581,0,0.225806451612903,0,14.0967741935484,0,14.1290322580645,0,0.225806451612903,0,13.9354838709677,0,15,0,6,0,1,0,1,0,1,0,1,0,0,0,4,0,0.01,0,453,0,446,0,14,0,6,0,1,0,1,0,0,0,0,0,6,0
141,1,14,0,150,0,"Type_2",0,0,17,17,481,0,441,0,7,0,437,0,438,0,6,0,432,0,34.3571428571429,0,34.3571428571429,0,0.5,0,31.2142857142857,0,31.2857142857143,0,0.5,0,30.8571428571429,0,15,0,6,0,1,0,1,0,1,0,1,0,0,0,4,0,0.01,0,453,0,446,0,14,0,6,0,1,0,1,0,0,0,0,0,6,0
144,2,13,0,126,0,"Type_2",0,0,8.33,25,481,0,441,0,7,0,437,0,438,0,6,0,432,0,37,0,37,0,0.538461538461538,0,33.6153846153846,0,33.6923076923077,0,0.538461538461538,0,33.2307692307692,0,15,0,6,0,1,0,1,0,1,0,1,0,0,0,4,0,0.01,0,453,0,446,0,14,0,6,0,1,0,1,0,0,0,0,0,6,0
145,1,13,0,126,0,"Type_2",0,0,15,15,481,0,441,0,7,0,437,0,438,0,6,0,432,0,37,0,37,0,0.538461538461538,0,33.6153846153846,0,33.6923076923077,0,0.538461538461538,0,33.2307692307692,0,15,0,6,0,1,0,1,0,1,0,1,0,0,0,4,0,0.01,0,453,0,446,0,14,0,6,0,1,0,1,0,0,0,0,0,6,0
146,1,31,0,313,0,"Type_2",0,0,38,38,481,0,441,0,7,0,437,0,438,0,6,0,432,0,15.5161290322581,0,15.5161290322581,0,0.225806451612903,0,14.0967741935484,0,14.1290322580645,0,0.225806451612903,0,13.9354838709677,0,15,0,6,0,1,0,1,0,1,0,1,0,0,0,4,0,0.01,0,453,0,446,0,14,0,6,0,1,0,1,0,0,0,0,0,6,0
152,3,16,0,178,0,"Type_2",0,0,5,30,481,0,441,0,7,0,437,0,438,0,6,0,432,0,30.0625,0,30.0625,0,0.4375,0,27.3125,0,27.375,0,0.4375,0,27,0,15,0,6,0,1,0,1,0,1,0,1,0,0,0,4,0,0.01,0,453,0,446,0,14,0,6,0,1,0,1,0,0,0,0,0,6,0
155,1,22,0,238,0,"Type_2",0,0,23,23,481,0,441,0,7,0,437,0,438,0,6,0,432,0,21.8636363636364,0,21.8636363636364,0,0.318181818181818,0,19.8636363636364,0,19.9090909090909,0,0.318181818181818,0,19.6363636363636,0,15,0,6,0,1,0,1,0,1,0,1,0,0,0,4,0,0.01,0,453,0,446,0,14,0,6,0,1,0,1,0,0,0,0,0,6,0
157,2,15,0,154,0,"Type_2",0,0,7.33,22,481,0,441,0,7,0,437,0,438,0,6,0,432,0,32.0666666666667,0,32.0666666666667,0,0.466666666666667,0,29.1333333333333,0,29.2,0,0.466666666666667,0,28.8,0,15,0,6,0,1,0,1,0,1,0,1,0,0,0,4,0,0.01,0,453,0,446,0,14,0,6,0,1,0,1,0,0,0,0,0,6,0
159,4,13,10,116.4,77,"Type_3",0,0,54.3,543,481,0,441,0,7,0,437,0,438,0,6,0,432,0,39.5627705627706,20.8225108225108,39.5627705627706,20.8225108225108,0.575757575757576,0.303030303030303,35.9437229437229,18.9177489177489,36.025974025974,18.961038961039,0.575757575757576,0.303030303030303,35.5324675324675,18.7012987012987,15,0,6,0,1,0,1,0,1,0,1,0,0,0,4,0,0.01,0,453,0,446,0,14,0,6,0,1,0,1,0,0,0,0,0,6,0
160,1,47,12,478.5,127,"Type_3",0,0,844,844,481,0,441,0,7,0,437,0,438,0,6,0,432,0,10.4035895075932,2.65623561895996,10.4035895075932,2.65623561895996,0.151403589507593,0.03865623561896,9.45190980211689,2.41325356649793,9.47353888633226,2.41877588587207,0.151403589507593,0.03865623561896,9.34376438104004,2.38564196962724,15,0,6,0,1,0,1,0,1,0,1,0,0,0,4,0,0.01,0,453,0,446,0,14,0,6,0,1,0,1,0,0,0,0,0,6,0
165,1,24.5,21,238.5,177,"Type_3",0,0,1239,1239,481,0,441,0,7,0,437,0,438,0,6,0,432,0,24.05,20.6142857142857,24.05,20.6142857142857,0.35,0.3,21.85,18.7285714285714,21.9,18.7714285714286,0.35,0.3,21.6,18.5142857142857,15,0,6,0,1,0,1,0,1,0,1,0,0,0,4,0,0.01,0,453,0,446,0,14,0,6,0,1,0,1,0,0,0,0,0,6,0
167,6,10,0,111,0,"Type_2",0,0,0.86,18,481,0,441,0,7,0,437,0,438,0,6,0,432,0,48.1,0,48.1,0,0.7,0,43.7,0,43.8,0,0.7,0,43.2,0,15,0,6,0,1,0,1,0,1,0,1,0,0,0,4,0,0.01,0,453,0,446,0,14,0,6,0,1,0,1,0,0,0,0,0,6,0
168,1,13,0,126,0,"Type_2",0,0,19,19,481,0,441,0,7,0,437,0,438,0,6,0,432,0,37,0,37,0,0.538461538461538,0,33.6153846153846,0,33.6923076923077,0,0.538461538461538,0,33.2307692307692,0,15,0,6,0,1,0,1,0,1,0,1,0,0,0,4,0,0.01,0,453,0,446,0,14,0,6,0,1,0,1,0,0,0,0,0,6,0
169,1,14,0,150,0,"Type_2",0,0,21,21,481,0,441,0,7,0,437,0,438,0,6,0,432,0,34.3571428571429,0,34.3571428571429,0,0.5,0,31.2142857142857,0,31.2857142857143,0,0.5,0,30.8571428571429,0,15,0,6,0,1,0,1,0,1,0,1,0,0,0,4,0,0.01,0,453,0,446,0,14,0,6,0,1,0,1,0,0,0,0,0,6,0
174,3,13,0,126,0,"Type_2",0,0,5.17,31,481,0,441,0,7,0,437,0,438,0,6,0,432,0,37,0,37,0,0.538461538461538,0,33.6153846153846,0,33.6923076923077,0,0.538461538461538,0,33.2307692307692,0,15,0,6,0,1,0,1,0,1,0,1,0,0,0,4,0,0.01,0,453,0,446,0,14,0,6,0,1,0,1,0,0,0,0,0,6,0
175,1,21,0,214,0,"Type_2",0,0,30,30,481,0,441,0,7,0,437,0,438,0,6,0,432,0,22.9047619047619,0,22.9047619047619,0,0.333333333333333,0,20.8095238095238,0,20.8571428571429,0,0.333333333333333,0,20.5714285714286,0,15,0,6,0,1,0,1,0,1,0,1,0,0,0,4,0,0.01,0,453,0,446,0,14,0,6,0,1,0,1,0,0,0,0,0,6,0
176,1,27,0,278,6,"Type_3",0,0,49,49,481,0,441,0,7,0,437,0,438,0,6,0,432,0,17.8148148148148,0,17.8148148148148,0,0.259259259259259,0,16.1851851851852,0,16.2222222222222,0,0.259259259259259,0,16,0,15,0,6,0,1,0,1,0,1,0,1,0,0,0,4,0,0.01,0,453,0,446,0,14,0,6,0,1,0,1,0,0,0,0,0,6,0
177,1,13,0,126,0,"Type_2",0,0,23,23,481,0,441,0,7,0,437,0,438,0,6,0,432,0,37,0,37,0,0.538461538461538,0,33.6153846153846,0,33.6923076923077,0,0.538461538461538,0,33.2307692307692,0,15,0,6,0,1,0,1,0,1,0,1,0,0,0,4,0,0.01,0,453,0,446,0,14,0,6,0,1,0,1,0,0,0,0,0,6,0
178,1,21,0,192,0,"Type_2",0,0,42,42,481,0,441,0,7,0,437,0,438,0,6,0,432,0,22.9047619047619,0,22.9047619047619,0,0.333333333333333,0,20.8095238095238,0,20.8571428571429,0,0.333333333333333,0,20.5714285714286,0,15,0,6,0,1,0,1,0,1,0,1,0,0,0,4,0,0.01,0,453,0,446,0,14,0,6,0,1,0,1,0,0,0,0,0,6,0
183,1,54.5,21,577.5,201,"Type_3",0,0,1356,1356,481,0,441,0,7,0,437,0,438,0,6,0,432,0,9.16590909090909,3.53181818181818,9.16590909090909,3.53181818181818,0.133391608391608,0.0513986013986014,8.32744755244755,3.20874125874126,8.3465034965035,3.21608391608392,0.133391608391608,0.0513986013986014,8.23216783216783,3.17202797202797,15,0,6,0,1,0,1,0,1,0,1,0,0,0,4,0,0.01,0,453,0,446,0,14,0,6,0,1,0,1,0,0,0,0,0,6,0
186,5,10,0,111,0,"Type_2",0,0,1.4,21,481,0,441,0,7,0,437,0,438,0,6,0,432,0,48.1,0,48.1,0,0.7,0,43.7,0,43.8,0,0.7,0,43.2,0,15,0,6,0,1,0,1,0,1,0,1,0,0,0,4,0,0.01,0,453,0,446,0,14,0,6,0,1,0,1,0,0,0,0,0,6,0
188,1,13,0,148,6,"Type_3",0,0,34,34,481,0,441,0,7,0,437,0,438,0,6,0,432,0,37,0,37,0,0.538461538461538,0,33.6153846153846,0,33.6923076923077,0,0.538461538461538,0,33.2307692307692,0,15,0,6,0,1,0,1,0,1,0,1,0,0,0,4,0,0.01,0,453,0,446,0,14,0,6,0,1,0,1,0,0,0,0,0,6,0
189,1,15,0,161,12,"Type_3",0,0,64,64,481,0,441,0,7,0,437,0,438,0,6,0,432,0,32.0666666666667,0,32.0666666666667,0,0.466666666666667,0,29.1333333333333,0,29.2,0,0.466666666666667,0,28.8,0,15,0,6,0,1,0,1,0,1,0,1,0,0,0,4,0,0.01,0,453,0,446,0,14,0,6,0,1,0,1,0,0,0,0,0,6,0
194,2,13,0,149,6,"Type_3",0,0,13.67,41,481,0,441,0,7,0,437,0,438,0,6,0,432,0,37,0,37,0,0.538461538461538,0,33.6153846153846,0,33.6923076923077,0,0.538461538461538,0,33.2307692307692,0,15,0,6,0,1,0,1,0,1,0,1,0,0,0,4,0,0.01,0,453,0,446,0,14,0,6,0,1,0,1,0,0,0,0,0,6,0
198,3,12,0,119,6,"Type_3",0,0,6.33,38,481,0,441,0,7,0,437,0,438,0,6,0,432,0,40.0833333333333,0,40.0833333333333,0,0.583333333333333,0,36.4166666666667,0,36.5,0,0.583333333333333,0,36,0,15,0,6,0,1,0,1,0,1,0,1,0,0,0,4,0,0.01,0,453,0,446,0,14,0,6,0,1,0,1,0,0,0,0,0,6,0
200,1,21,0,226,12,"Type_3",0,0,87,87,481,0,441,0,7,0,437,0,438,0,6,0,432,0,22.9047619047619,0,22.9047619047619,0,0.333333333333333,0,20.8095238095238,0,20.8571428571429,0,0.333333333333333,0,20.5714285714286,0,15,0,6,0,1,0,1,0,1,0,1,0,0,0,4,0,0.01,0,453,0,446,0,14,0,6,0,1,0,1,0,0,0,0,0,6,0
203,2,11,0,131,6,"Type_3",0,0,16.67,50,481,0,441,0,7,0,437,0,438,0,6,0,432,0,43.7272727272727,0,43.7272727272727,0,0.636363636363636,0,39.7272727272727,0,39.8181818181818,0,0.636363636363636,0,39.2727272727273,0,15,0,6,0,1,0,1,0,1,0,1,0,0,0,4,0,0.01,0,453,0,446,0,14,0,6,0,1,0,1,0,0,0,0,0,6,0
204,1,13,0,112,0,"Type_2",0,0,34,34,481,0,441,0,7,0,437,0,438,0,6,0,432,0,37,0,37,0,0.538461538461538,0,33.6153846153846,0,33.6923076923077,0,0.538461538461538,0,33.2307692307692,0,15,0,6,0,1,0,1,0,1,0,1,0,0,0,4,0,0.01,0,453,0,446,0,14,0,6,0,1,0,1,0,0,0,0,0,6,0
205,1,14,0,136,0,"Type_2",0,0,34,34,481,0,441,0,7,0,437,0,438,0,6,0,432,0,34.3571428571429,0,34.3571428571429,0,0.5,0,31.2142857142857,0,31.2857142857143,0,0.5,0,30.8571428571429,0,15,0,6,0,1,0,1,0,1,0,1,0,0,0,4,0,0.01,0,453,0,446,0,14,0,6,0,1,0,1,0,0,0,0,0,6,0
206,1,17,0,158,6,"Type_3",0,0,49,49,481,0,441,0,7,0,437,0,438,0,6,0,432,0,28.2941176470588,0,28.2941176470588,0,0.411764705882353,0,25.7058823529412,0,25.7647058823529,0,0.411764705882353,0,25.4117647058824,0,15,0,6,0,1,0,1,0,1,0,1,0,0,0,4,0,0.01,0,453,0,446,0,14,0,6,0,1,0,1,0,0,0,0,0,6,0
207,1,11,0,109,0,"Type_2",0,0,26,26,481,0,441,0,7,0,437,0,438,0,6,0,432,0,43.7272727272727,0,43.7272727272727,0,0.636363636363636,0,39.7272727272727,0,39.8181818181818,0,0.636363636363636,0,39.2727272727273,0,15,0,6,0,1,0,1,0,1,0,1,0,0,0,4,0,0.01,0,453,0,446,0,14,0,6,0,1,0,1,0,0,0,0,0,6,0
208,1,11,0,114,0,"Type_2",0,0,9,9,481,0,441,0,7,0,437,0,438,0,6,0,432,0,43.7272727272727,0,43.7272727272727,0,0.636363636363636,0,39.7272727272727,0,39.8181818181818,0,0.636363636363636,0,39.2727272727273,0,15,0,6,0,1,0,1,0,1,0,1,0,0,0,4,0,0.01,0,453,0,446,0,14,0,6,0,1,0,1,0,0,0,0,0,6,0
209,1,15,0,140,6,"Type_3",0,0,59,59,481,0,441,0,7,0,437,0,438,0,6,0,432,0,32.0666666666667,0,32.0666666666667,0,0.466666666666667,0,29.1333333333333,0,29.2,0,0.466666666666667,0,28.8,0,15,0,6,0,1,0,1,0,1,0,1,0,0,0,4,0,0.01,0,453,0,446,0,14,0,6,0,1,0,1,0,0,0,0,0,6,0
210,1,16,0,161,6,"Type_3",0,0,66,66,481,0,441,0,7,0,437,0,438,0,6,0,432,0,30.0625,0,30.0625,0,0.4375,0,27.3125,0,27.375,0,0.4375,0,27,0,15,0,6,0,1,0,1,0,1,0,1,0,0,0,4,0,0.01,0,453,0,446,0,14,0,6,0,1,0,1,0,0,0,0,0,6,0
211,1,13,0,123,6,"Type_3",0,0,32,32,481,0,441,0,7,0,437,0,438,0,6,0,432,0,37,0,37,0,0.538461538461538,0,33.6153846153846,0,33.6923076923077,0,0.538461538461538,0,33.2307692307692,0,15,0,6,0,1,0,1,0,1,0,1,0,0,0,4,0,0.01,0,453,0,446,0,14,0,6,0,1,0,1,0,0,0,0,0,6,0
212,1,16,0,145,6,"Type_3",0,0,55,55,481,0,441,0,7,0,437,0,438,0,6,0,432,0,30.0625,0,30.0625,0,0.4375,0,27.3125,0,27.375,0,0.4375,0,27,0,15,0,6,0,1,0,1,0,1,0,1,0,0,0,4,0,0.01,0,453,0,446,0,14,0,6,0,1,0,1,0,0,0,0,0,6,0
213,1,11,0,106,6,"Type_3",0,0,34,34,481,0,441,0,7,0,437,0,438,0,6,0,432,0,43.7272727272727,0,43.7272727272727,0,0.636363636363636,0,39.7272727272727,0,39.8181818181818,0,0.636363636363636,0,39.2727272727273,0,15,0,6,0,1,0,1,0,1,0,1,0,0,0,4,0,0.01,0,453,0,446,0,14,0,6,0,1,0,1,0,0,0,0,0,6,0
214,1,24.5,21,235.5,183,"Type_3",0,0,1265,1265,481,0,441,0,7,0,437,0,438,0,6,0,432,0,24.05,20.6142857142857,24.05,20.6142857142857,0.35,0.3,21.85,18.7285714285714,21.9,18.7714285714286,0.35,0.3,21.6,18.5142857142857,15,0,6,0,1,0,1,0,1,0,1,0,0,0,4,0,0.01,0,453,0,446,0,14,0,6,0,1,0,1,0,0,0,0,0,6,0
215,1,12,0,114,0,"Type_2",0,0,34,34,481,0,441,0,7,0,437,0,438,0,6,0,432,0,40.0833333333333,0,40.0833333333333,0,0.583333333333333,0,36.4166666666667,0,36.5,0,0.583333333333333,0,36,0,15,0,6,0,1,0,1,0,1,0,1,0,0,0,4,0,0.01,0,453,0,446,0,14,0,6,0,1,0,1,0,0,0,0,0,6,0
216,1,11,0,103,0,"Type_2",0,0,15,15,481,0,441,0,7,0,437,0,438,0,6,0,432,0,43.7272727272727,0,43.7272727272727,0,0.636363636363636,0,39.7272727272727,0,39.8181818181818,0,0.636363636363636,0,39.2727272727273,0,15,0,6,0,1,0,1,0,1,0,1,0,0,0,4,0,0.01,0,453,0,446,0,14,0,6,0,1,0,1,0,0,0,0,0,6,0
217,1,11,0,103,0,"Type_2",0,0,17,17,481,0,441,0,7,0,437,0,438,0,6,0,432,0,43.7272727272727,0,43.7272727272727,0,0.636363636363636,0,39.7272727272727,0,39.8181818181818,0,0.636363636363636,0,39.2727272727273,0,15,0,6,0,1,0,1,0,1,0,1,0,0,0,4,0,0.01,0,453,0,446,0,14,0,6,0,1,0,1,0,0,0,0,0,6,0
219,1,19,0,183,6,"Type_3",0,0,50,50,481,0,441,0,7,0,437,0,438,0,6,0,432,0,25.3157894736842,0,25.3157894736842,0,0.368421052631579,0,23,0,23.0526315789474,0,0.368421052631579,0,22.7368421052632,0,15,0,6,0,1,0,1,0,1,0,1,0,0,0,4,0,0.01,0,453,0,446,0,14,0,6,0,1,0,1,0,0,0,0,0,6,0
220,1,14,0,127,0,"Type_2",0,0,10,10,481,0,441,0,7,0,437,0,438,0,6,0,432,0,34.3571428571429,0,34.3571428571429,0,0.5,0,31.2142857142857,0,31.2857142857143,0,0.5,0,30.8571428571429,0,15,0,6,0,1,0,1,0,1,0,1,0,0,0,4,0,0.01,0,453,0,446,0,14,0,6,0,1,0,1,0,0,0,0,0,6,0
221,1,29,36,293.5,381,"Type_3",0,0,2472,2472,481,0,441,0,7,0,437,0,438,0,6,0,432,0,26.9806576402321,33.4932301740812,26.9806576402321,33.4932301740812,0.392649903288201,0.48742746615087,24.5125725338491,30.4294003868472,24.568665377176,30.4990328820116,0.392649903288201,0.48742746615087,24.2321083172147,30.0812379110251,15,0,6,0,1,0,1,0,1,0,1,0,0,0,4,0,0.01,0,453,0,446,0,14,0,6,0,1,0,1,0,0,0,0,0,6,0
223,1,18,0,192,0,"Type_2",0,0,39,39,481,0,441,0,7,0,437,0,438,0,6,0,432,0,26.7222222222222,0,26.7222222222222,0,0.388888888888889,0,24.2777777777778,0,24.3333333333333,0,0.388888888888889,0,24,0,15,0,6,0,1,0,1,0,1,0,1,0,0,0,4,0,0.01,0,453,0,446,0,14,0,6,0,1,0,1,0,0,0,0,0,6,0
228,3,13,0,139,0,"Type_2",0,0,6.17,37,481,0,441,0,7,0,437,0,438,0,6,0,432,0,37,0,37,0,0.538461538461538,0,33.6153846153846,0,33.6923076923077,0,0.538461538461538,0,33.2307692307692,0,15,0,6,0,1,0,1,0,1,0,1,0,0,0,4,0,0.01,0,453,0,446,0,14,0,6,0,1,0,1,0,0,0,0,0,6,0
229,1,17,0,181,0,"Type_2",0,0,49,49,481,0,441,0,7,0,437,0,438,0,6,0,432,0,28.2941176470588,0,28.2941176470588,0,0.411764705882353,0,25.7058823529412,0,25.7647058823529,0,0.411764705882353,0,25.4117647058824,0,15,0,6,0,1,0,1,0,1,0,1,0,0,0,4,0,0.01,0,453,0,446,0,14,0,6,0,1,0,1,0,0,0,0,0,6,0
230,1,12,0,118,0,"Type_2",0,0,26,26,481,0,441,0,7,0,437,0,438,0,6,0,432,0,40.0833333333333,0,40.0833333333333,0,0.583333333333333,0,36.4166666666667,0,36.5,0,0.583333333333333,0,36,0,15,0,6,0,1,0,1,0,1,0,1,0,0,0,4,0,0.01,0,453,0,446,0,14,0,6,0,1,0,1,0,0,0,0,0,6,0
231,1,16,10,139.5,77,"Type_3",0,0,551,551,481,0,441,0,7,0,437,0,438,0,6,0,432,0,33.3160173160173,20.8225108225108,33.3160173160173,20.8225108225108,0.484848484848485,0.303030303030303,30.2683982683983,18.9177489177489,30.3376623376623,18.961038961039,0.484848484848485,0.303030303030303,29.9220779220779,18.7012987012987,15,0,6,0,1,0,1,0,1,0,1,0,0,0,4,0,0.01,0,453,0,446,0,14,0,6,0,1,0,1,0,0,0,0,0,6,0
232,1,17,0,168,0,"Type_2",0,0,44,44,481,0,441,0,7,0,437,0,438,0,6,0,432,0,28.2941176470588,0,28.2941176470588,0,0.411764705882353,0,25.7058823529412,0,25.7647058823529,0,0.411764705882353,0,25.4117647058824,0,15,0,6,0,1,0,1,0,1,0,1,0,0,0,4,0,0.01,0,453,0,446,0,14,0,6,0,1,0,1,0,0,0,0,0,6,0
233,1,17,0,168,0,"Type_2",0,0,38,38,481,0,441,0,7,0,437,0,438,0,6,0,432,0,28.2941176470588,0,28.2941176470588,0,0.411764705882353,0,25.7058823529412,0,25.7647058823529,0,0.411764705882353,0,25.4117647058824,0,15,0,6,0,1,0,1,0,1,0,1,0,0,0,4,0,0.01,0,453,0,446,0,14,0,6,0,1,0,1,0,0,0,0,0,6,0
234,1,21,0,219,12,"Type_3",0,0,53,53,481,0,441,0,7,0,437,0,438,0,6,0,432,0,22.9047619047619,0,22.9047619047619,0,0.333333333333333,0,20.8095238095238,0,20.8571428571429,0,0.333333333333333,0,20.5714285714286,0,15,0,6,0,1,0,1,0,1,0,1,0,0,0,4,0,0.01,0,453,0,446,0,14,0,6,0,1,0,1,0,0,0,0,0,6,0
237,2,12,0,124,6,"Type_3",0,0,11,33,481,0,441,0,7,0,437,0,438,0,6,0,432,0,40.0833333333333,0,40.0833333333333,0,0.583333333333333,0,36.4166666666667,0,36.5,0,0.583333333333333,0,36,0,15,0,6,0,1,0,1,0,1,0,1,0,0,0,4,0,0.01,0,453,0,446,0,14,0,6,0,1,0,1,0,0,0,0,0,6,0
240,1,16.5,1,158,0,"Type_3",0,0,127,127,481,0,441,0,7,0,437,0,438,0,6,0,432,0,29.1783088235294,1.76838235294118,29.1783088235294,1.76838235294118,0.424632352941176,0.0257352941176471,26.5091911764706,1.60661764705882,26.5698529411765,1.61029411764706,0.424632352941176,0.0257352941176471,26.2058823529412,1.58823529411765,15,0,6,0,1,0,1,0,1,0,1,0,0,0,4,0,0.01,0,453,0,446,0,14,0,6,0,1,0,1,0,0,0,0,0,6,0
241,1,13.5,1,115,6,"Type_3",0,0,110,110,481,0,441,0,7,0,437,0,438,0,6,0,432,0,35.6785714285714,2.64285714285715,35.6785714285714,2.64285714285715,0.519230769230769,0.0384615384615384,32.4148351648352,2.4010989010989,32.489010989011,2.40659340659341,0.519230769230769,0.0384615384615384,32.043956043956,2.37362637362638,15,0,6,0,1,0,1,0,1,0,1,0,0,0,4,0,0.01,0,453,0,446,0,14,0,6,0,1,0,1,0,0,0,0,0,6,0
242,1,18,14,185.5,145,"Type_3",0,0,939,939,481,0,441,0,7,0,437,0,438,0,6,0,432,0,31.4836363636364,24.4872727272727,31.4836363636364,24.4872727272727,0.458181818181818,0.356363636363636,28.6036363636364,22.2472727272727,28.6690909090909,22.2981818181818,0.458181818181818,0.356363636363636,28.2763636363636,21.9927272727273,15,0,6,0,1,0,1,0,1,0,1,0,0,0,4,0,0.01,0,453,0,446,0,14,0,6,0,1,0,1,0,0,0,0,0,6,0
245,1,16,0,165,6,"Type_3",0,0,39,39,95,0,88,0,6,0,84,0,85,0,5,0,80,0,5.9375,0,5.9375,0,0.375,0,5.25,0,5.3125,0,0.375,0,5,0,16,0,8,0,1,0,1,0,1,0,1,0,0,0,0,0,0,0,97,0,84,0,17,0,3,0,1,0,1,0,0,0,0,0,3,0
246,1,17,2,176.5,5,"Type_3",0,0,260,260,288,386,264.5,353,6.5,1,260.5,353,261.5,353,5.5,1,256,352,16.3298611111111,20.7847222222222,16.3298611111111,20.7847222222222,0.381944444444444,0.0138888888888889,14.7638888888889,19.0277777777778,14.8229166666667,19.0208333333333,0.381944444444444,0.0138888888888889,14.5,19,15.5,1,7,2,1,0,1,0,1,0,1,0,0,0,2,4,0.005,0.01,275,356,265,362,15.5,3,4.5,3,1,0,1,0,0,0,0,0,4.5,3
247,1,13.5,1,142.5,11,"Type_3",0,0,133,133,95,0,88,0,6,0,84,0,85,0,5,0,80,0,7.0467032967033,0.521978021978022,7.0467032967033,0.521978021978022,0.445054945054945,0.032967032967033,6.23076923076923,0.461538461538462,6.30494505494505,0.467032967032967,0.445054945054945,0.032967032967033,5.93406593406593,0.43956043956044,16,0,8,0,1,0,1,0,1,0,1,0,0,0,0,0,0,0,97,0,84,0,17,0,3,0,1,0,1,0,0,0,0,0,3,0
248,1,11.5,1,117.5,17,"Type_3",0,0,104,104,95,0,88,0,6,0,84,0,85,0,5,0,80,0,8.27651515151515,0.71969696969697,8.27651515151515,0.71969696969697,0.522727272727273,0.0454545454545454,7.31818181818182,0.636363636363637,7.40530303030303,0.643939393939394,0.522727272727273,0.0454545454545454,6.96969696969697,0.606060606060606,16,0,8,0,1,0,1,0,1,0,1,0,0,0,0,0,0,0,97,0,84,0,17,0,3,0,1,0,1,0,0,0,0,0,3,0
249,1,10.5,1,108.5,17,"Type_3",0,0,102,102,95,0,88,0,6,0,84,0,85,0,5,0,80,0,9.06818181818182,0.863636363636363,9.06818181818182,0.863636363636363,0.572727272727273,0.0545454545454546,8.01818181818182,0.763636363636364,8.11363636363636,0.772727272727272,0.572727272727273,0.0545454545454546,7.63636363636364,0.727272727272728,16,0,8,0,1,0,1,0,1,0,1,0,0,0,0,0,0,0,97,0,84,0,17,0,3,0,1,0,1,0,0,0,0,0,3,0
250,1,11.5,1,123.5,17,"Type_3",0,0,107,107,95,0,88,0,6,0,84,0,85,0,5,0,80,0,8.27651515151515,0.71969696969697,8.27651515151515,0.71969696969697,0.522727272727273,0.0454545454545454,7.31818181818182,0.636363636363637,7.40530303030303,0.643939393939394,0.522727272727273,0.0454545454545454,6.96969696969697,0.606060606060606,16,0,8,0,1,0,1,0,1,0,1,0,0,0,0,0,0,0,97,0,84,0,17,0,3,0,1,0,1,0,0,0,0,0,3,0
253,1,52.5,5,278,22,"Type_3",0,0,191,191,67,14,44.5,7,18.5,3,41.5,7,42.5,7,18.5,3,24,4,1.27272727272727,0.145454545454546,1.27272727272727,0.145454545454546,0.351818181818182,0.0236363636363636,0.789090909090909,0.0581818181818182,0.808181818181818,0.0563636363636363,0.351818181818182,0.0236363636363636,0.456363636363636,0.0327272727272727,18.5,3,0,0,1,0,1,0,1,0,1,0,0,0,0,0,0,0,23.5,47,23.5,47,1,0,1,0,1,0,1,0,0,0,1,0,0,0
256,1,30,0,135,0,"Type_2",0,0,126,126,42.5,3,37.5,3,7,0,17.5,1,16.5,1,6,0,10.5,1,1.41666666666667,0.0999999999999999,1.41666666666667,0.0999999999999999,0.233333333333333,0,0.583333333333333,0.0333333333333333,0.55,0.0333333333333333,0.233333333333333,0,0.35,0.0333333333333333,15,0,5,0,5.5,1,5.5,1,5.5,1,1,0,2.5,1,0,0,0,0,4,0,3,0,3,0,2,0,2,0,2,0,0,0,0,0,2,0
257,1,26,2,130,8,"Type_3",16,16,156,156,85,0,59.5,3,12,0,40.5,3,42,0,14,0,28,0,3.27407407407407,0.251851851851852,3.27407407407407,0.251851851851852,0.462222222222222,0.0355555555555556,1.55777777777778,0.00444444444444447,1.61777777777778,0.124444444444444,0.462222222222222,0.0355555555555556,1.07851851851852,0.0829629629629631,40,0,2,0,9,0,9,0,9,0,1,0,2,0,2,4,0.035,0.07,18.5,5,17.5,3,4.5,3,3.5,1,2,0,2,0,0,0,0.5,1,3,2
264,1,31,0,154,0,"Type_2",0,0,52,52,33,0,27,0,5,0,14,0,14,0,6,0,8,0,1.06451612903226,0,1.06451612903226,0,0.161290322580645,0,0.451612903225806,0,0.451612903225806,0,0.161290322580645,0,0.258064516129032,0,17,0,5,0,4,0,4,0,7,0,1,0,3,0,0,0,0,0,23,0,23,0,2,0,1,0,1,0,1,0,0,0,0.5,1,0.5,1
275,1,35,0,161,0,"Type_2",0,0,30,30,48,2,38,2,10,0,24,2,20,2,8,0,12,2,1.37142857142857,0.0571428571428572,1.37142857142857,0.0571428571428572,0.285714285714286,0,0.685714285714286,0.0571428571428572,0.571428571428571,0.0571428571428572,0.285714285714286,0,0.342857142857143,0.0571428571428572,11.5,1,2,0,1,0,1,0,1,0,1,0,0,0,0,0,0,0,26,0,17,0,21,0,6,0,2,0,2,0,1,0,0,0,5,0
278,1,22,0,102,0,"Type_2",0,0,186,186,152,0,119,0,14,0,72,0,69,0,20,0,49,0,6.90909090909091,0,6.90909090909091,0,0.636363636363636,0,3.27272727272727,0,3.13636363636364,0,0.636363636363636,0,2.22727272727273,0,39,0,2,0,21,0,21,0,23,0,1,0,5,0,0,0,0,0,115,0,94,0,33,0,12,0,3,0,3,0,7,0,1,0,4,0
279,1,28.5,13,226,114,"Type_3",0,0,791,791,132,62,110.5,37,18.5,13,65,26,57.5,33,16.5,15,41,18,5.1474025974026,4.52337662337662,5.1474025974026,4.52337662337662,0.73961038961039,0.793506493506494,2.51558441558442,2.05974025974026,2.26753246753247,2.19220779220779,0.73961038961039,0.793506493506494,1.59350649350649,1.35844155844156,39.5,27,11.5,1,15.5,5,15.5,5,16.5,7,1,0,4,0,3,2,0.025,0.01,63.5,107,31.5,49,42,72,10,14,2.5,1,2.5,1,1.5,3,0.5,1,8,10
280,1,25,2,104.5,7,"Type_3",0,0,103,103,25,2,16.5,1,7,0,12.5,1,13.5,1,6,0,7.5,1,1,0,1,0,0.280448717948718,0.0224358974358975,0.5,0,0.540064102564103,0.00320512820512819,0.280448717948718,0.0224358974358975,0.299679487179487,0.016025641025641,11.5,1,0,0,1,0,1,0,1,0,1,0,0,0,0,0,0,0,14.5,1,14.5,1,2,0,1,0,1,0,1,0,0,0,0,0,1,0
285,1,19.5,1,104,0,"Type_2",0,0,115,115,38,18,28,12,8.5,3,16,8,17,8,7.5,3,9.5,5,1.93815789473684,0.823684210526316,1.93815789473684,0.823684210526316,0.434210526315789,0.131578947368421,0.815789473684211,0.368421052631579,0.867105263157895,0.365789473684211,0.434210526315789,0.131578947368421,0.484210526315789,0.231578947368421,12,2,2,0,5,2,5,2,8,4,1,0,1.5,1,1.5,1,0.055,0.01,37.5,29,28.5,19,13.5,13,3.5,3,1.5,1,1.5,1,2.5,1,0.5,1,0.5,1
286,1,22,0,106,4,"Type_3",0,0,179,179,38.5,13,32,8,5.5,1,15.5,5,15,6,5.5,3,9.5,3,1.75,0.590909090909091,1.75,0.590909090909091,0.25,0.0454545454545454,0.704545454545455,0.227272727272727,0.681818181818182,0.272727272727273,0.25,0.0454545454545454,0.431818181818182,0.136363636363636,17.5,9,9,2,6,2,6,2,6.5,1,1,0,3.5,1,3.5,5,0.105,0.13,39.5,11,33,8,11,4,3.5,1,1,0,1,0,0.5,1,0,0,3,0
287,1,25,2,111,0,"Type_2",0,0,205,205,134,0,92,0,14,0,59,0,55,0,16,0,39,0,5.36858974358974,0.429487179487179,5.36858974358974,0.429487179487179,0.560897435897436,0.0448717948717949,2.36378205128205,0.189102564102564,2.20352564102564,0.176282051282051,0.560897435897436,0.0448717948717949,1.5625,0.125,18,0,7,0,8,0,8,0,8,0,1,0,6,0,6,0,0.07,0,115,0,101,0,19,0,4,0,3,0,3,0,0,0,1,0,3,0
288,1,39.5,3,239,0,"Type_2",0,0,175,175,59,2,41.5,1,7,0,24.5,1,28.5,1,10,0,18.5,1,1.49679075738126,0.164313222079589,1.49679075738126,0.164313222079589,0.177471116816431,0.0134788189987163,0.621630295250321,0.0725288831835688,0.723042362002567,0.0802310654685494,0.177471116816431,0.0134788189987163,0.469512195121951,0.0609756097560976,24,2,2,0,8,0,8,0,8,0,1,0,3,0,2.5,1,0.06,0.02,19.5,17,18.5,19,3.5,3,1.5,1,1,0,1,0,1,0,0.5,1,0,0
289,1,79,2,314,0,"Type_2",0,0,130,130,92,6,50.5,1,12.5,1,29,0,30,0,13,0,17,0,1.16426282051282,0.046474358974359,1.16426282051282,0.046474358974359,0.158173076923077,0.00865384615384615,0.367147435897436,0.00929487179487182,0.379807692307692,0.00961538461538464,0.158173076923077,0.00865384615384615,0.215224358974359,0.00544871794871796,21,0,7,4,10,0,10,0,17,0,1,0,4,0,24,4,0.475,0.07,43.5,13,40.5,7,6.5,9,2.5,3,1.5,1,1.5,1,0,0,1,0,1.5,3
291,2,30,0,150,0,"Type_1",16,16,0,0,30,0,28,0,5,0,16,0,17,0,5,0,12,0,1,0,1,0,0.166666666666667,0,0.533333333333333,0,0.566666666666667,0,0.166666666666667,0,0.4,0,15,0,8,12,4,0,4,0,4,0,1,0,3,0,0,0,0,0,18.3333333333333,22,13.3333333333333,22,7.66666666666667,14,2.33333333333333,4,1,0,1,0,0.333333333333333,1,0,0,2,3
294,1,26,0,108,0,"Type_1",2,2,0,0,26,0,21,0,2,0,10,0,12,0,3,0,9,0,1,0,1,0,0.0769230769230769,0,0.384615384615385,0,0.461538461538462,0,0.0769230769230769,0,0.346153846153846,0,5,0,3,0,5,0,5,0,6,0,1,0,3,0,0,0,0,0,17,2,17,2,1.5,1,1,0,1,0,1,0,0,0,0,0,1,0
313,1,31,0,138,0,"Type_1",18,18,35,35,34,2,29.5,1,2,0,14.5,1,15.5,1,2,0,13.5,1,1.09677419354839,0.0645161290322582,1.09677419354839,0.0645161290322582,0.0645161290322581,0,0.467741935483871,0.0322580645161291,0.5,0.032258064516129,0.0645161290322581,0,0.435483870967742,0.032258064516129,10.5,1,1,0,7,0,7,0,7,0,1,0,2,0,0,0,0,0,22.5,1,22.5,1,3,2,1,0,1,0,1,0,1,0,0,0,0,0
323,1,22,0,132,0,"Type_1",0,0,11,11,26,0,21,0,5,0,15,0,17,0,5,0,12,0,1.18181818181818,0,1.18181818181818,0,0.227272727272727,0,0.681818181818182,0,0.772727272727273,0,0.227272727272727,0,0.545454545454545,0,8,0,0,0,2,0,2,0,2,0,1,0,1,0,1,0,0.05,0,18,0,18,0,2,0,1,0,1,0,1,0,0,0,0,0,1,0
327,1,36,0,165,0,"Type_1",4,4,0,0,36,0,32,0,5,0,16,0,15,0,4,0,11,0,1,0,1,0,0.138888888888889,0,0.444444444444444,0,0.416666666666667,0,0.138888888888889,0,0.305555555555556,0,7,2,6,0,5,0,5,0,5,0,1,0,2,0,0,0,0,0,27,0,27,0,2,0,1,0,1,0,1,0,0,0,0,0,1,0
330,2,17,0,116,0,"Type_1",1,1,445,445,72.3333333333333,68,53,51,1.33333333333333,1,26.6666666666667,25,27.3333333333333,26,1.33333333333333,1,26,27,4.25490196078431,4,4.25490196078431,4,0.0784313725490196,0.0588235294117647,1.56862745098039,1.47058823529412,1.6078431372549,1.52941176470588,0.0784313725490196,0.0588235294117647,1.52941176470588,1.58823529411765,34.6666666666667,34,2.66666666666667,1,12.3333333333333,14,12.3333333333333,14,12.3333333333333,14,1,0,1,0,6.66666666666667,2,0.2,0.33,12,14,7.33333333333333,13,7,17,2,3,1.33333333333333,1,1.33333333333333,1,0.333333333333333,1,0,0,1.66666666666667,4
333,3,23,0,101,0,"Type_1",0,0,11,11,31,0,26,0,6,0,13,0,13,0,5,0,8,0,1.34782608695652,0,1.34782608695652,0,0.260869565217391,0,0.565217391304348,0,0.565217391304348,0,0.260869565217391,0,0.347826086956522,0,12,0,6.5,1,2,0,2,0,2,0,1,0,1,0,0,0,0,0,15.25,19,13.25,21,4,0,1.5,1,1,0,1,0,0,0,0,0,1.5,1
338,1,23,0,129,0,"Type_1",16,16,0,0,23,0,19,0,2,0,11,0,12,0,2,0,10,0,1,0,1,0,0.0869565217391304,0,0.478260869565217,0,0.521739130434783,0,0.0869565217391304,0,0.434782608695652,0,6,0,1,0,2,0,2,0,2,0,1,0,1,0,1,0,0.05,0,24,14,20.5,7,6.5,9,2,2,1,0,1,0,0,0,0.5,1,1.5,1
341,1,22,0,100,0,"Type_1",2,2,0,0,22,0,21,0,3,0,9,0,8,0,2,0,6,0,1,0,1,0,0.136363636363636,0,0.409090909090909,0,0.363636363636364,0,0.136363636363636,0,0.272727272727273,0,9,0,3,0,3,0,3,0,3,0,1,0,1,0,0,0,0,0,9.5,15,9.5,15,3,2,1,0,1,0,1,0,0.5,1,0,0,0.5,1
342,1,22,0,100,0,"Type_1",2,2,0,0,22,0,21,0,3,0,9,0,8,0,2,0,6,0,1,0,1,0,0.136363636363636,0,0.409090909090909,0,0.363636363636364,0,0.136363636363636,0,0.272727272727273,0,9,0,3,0,3,0,3,0,3,0,1,0,1,0,0,0,0,0,9.5,15,9.5,15,3,2,1,0,1,0,1,0,0.5,1,0,0,0.5,1
345,1,21.5,1,120,18,"Type_3",0,0,101,101,27,2,19.5,1,7.5,1,16,2,15,2,6,0,9,2,1.25541125541126,0.0346320346320346,1.25541125541126,0.0346320346320346,0.3495670995671,0.0627705627705628,0.743506493506493,0.0584415584415584,0.696969696969697,0.0606060606060607,0.3495670995671,0.0627705627705628,0.417748917748918,0.0735930735930736,18.5,3,1,0,1,0,1,0,1,0,1,0,0,0,0,0,0,0,4,4,2,2,3,2,1,0,1,0,1,0,0,0,0,0,1,0
346,1,26,0,139,2,"Type_3",0,0,17,17,26,0,19,0,8,0,15,0,14,0,6,0,8,0,1,0,1,0,0.307692307692308,0,0.576923076923077,0,0.538461538461538,0,0.307692307692308,0,0.307692307692308,0,17,0,1,0,1,0,1,0,1,0,1,0,0,0,0,0,0,0,4,4,2,2,3,2,1,0,1,0,1,0,0,0,0,0,1,0
347,1,28,0,160,2,"Type_3",0,0,17,17,28,0,20,0,7,0,17,0,16,0,6,0,10,0,1,0,1,0,0.25,0,0.607142857142857,0,0.571428571428571,0,0.25,0,0.357142857142857,0,20,0,1,0,1,0,1,0,1,0,1,0,0,0,0,0,0,0,4,4,2,2,3,2,1,0,1,0,1,0,0,0,0,0,1,0
350,1,28,0,138,8,"Type_3",0,0,82,82,42,6,31,10,4,2,17.5,5,14.5,5,4,2,10.5,3,1.5,0.214285714285714,1.5,0.214285714285714,0.142857142857143,0.0714285714285714,0.625,0.178571428571429,0.517857142857143,0.178571428571429,0.142857142857143,0.0714285714285714,0.375,0.107142857142857,16.5,5,5.5,1,6.5,1,6.5,1,7.5,1,3,0,2,0,4,6,0.15,0.24,17,16,13.5,15,4.5,1,1,0,1,0,1,0,0,0,0,0,1,0
515,1,43,2,182,12,"Type_3",0,0,242,242,284,0,239,0,23,0,125,0,108,0,22,0,86,0,6.60822510822511,0.307359307359308,6.60822510822511,0.307359307359308,0.53517316017316,0.024891774891775,2.90854978354978,0.135281385281385,2.51298701298701,0.116883116883117,0.53517316017316,0.024891774891775,2.00108225108225,0.0930735930735929,22,0,13,0,42,0,42,0,50,0,6,0,5,0,19,0,0.08,0,182,0,181,0,5,0,3,0,1,0,1,0,1,0,0,0,2,0
516,1,25,0,103,0,"Type_2",0,0,75,75,284,0,239,0,23,0,125,0,108,0,22,0,86,0,11.36,0,11.36,0,0.92,0,5,0,4.32,0,0.92,0,3.44,0,22,0,13,0,42,0,42,0,50,0,6,0,5,0,19,0,0.08,0,182,0,181,0,5,0,3,0,1,0,1,0,1,0,0,0,2,0
522,1,17,0,154,0,"Type_2",0,0,15,15,17,0,15,0,6,0,11,0,12,0,5,0,7,0,1,0,1,0,0.352941176470588,0,0.647058823529412,0,0.705882352941177,0,0.352941176470588,0,0.411764705882353,0,16,0,1,0,1,0,1,0,1,0,1,0,0,0,2,0,0.13,0,22.5,13,14.5,13,13,2,4.5,1,2,0,2,0,0,0,0,0,4.5,1
525,2,17,0,154,0,"Type_2",0,0,22.67,68,17,0,15,0,6,0,11,0,12,0,5,0,7,0,1,0,1,0,0.352941176470588,0,0.647058823529412,0,0.705882352941177,0,0.352941176470588,0,0.411764705882353,0,16,0,1,0,1,0,1,0,1,0,1,0,0,0,2,0,0.13,0,24,13,16.3333333333333,13,12.6666666666667,2,4.33333333333333,1,2,0,2,0,0,0,0,0,4.33333333333333,1
527,1,17,0,112,0,"Type_2",0,0,12,12,17,0,13,0,5,0,9,0,10,0,4,0,6,0,1,0,1,0,0.294117647058824,0,0.529411764705882,0,0.588235294117647,0,0.294117647058824,0,0.352941176470588,0,10,0,0,0,1,0,1,0,1,0,1,0,0,0,0,0,0,0,11,0,11,0,2,0,1,0,1,0,1,0,0,0,0,0,1,0
528,1,15,0,110,0,"Type_2",0,0,18,18,15,0,13,0,5,0,9,0,10,0,4,0,6,0,1,0,1,0,0.333333333333333,0,0.6,0,0.666666666666667,0,0.333333333333333,0,0.4,0,9,0,0,0,1,0,1,0,1,0,1,0,0,0,0,0,0,0,4,0,2,0,4,0,2,0,2,0,2,0,0,0,0,0,2,0
532,1,28,4,133.5,23,"Type_3",3,3,212,212,43.5,11,33,6,9.5,1,21,2,22,2,8.5,1,13.5,3,1.5474358974359,0.171794871794872,1.5474358974359,0.171794871794872,0.33974358974359,0.0128205128205128,0.751282051282051,0.035897435897436,0.787179487179487,0.041025641025641,0.33974358974359,0.0128205128205128,0.480769230769231,0.0384615384615384,21,2,9,2,3.5,1,3.5,1,3.5,1,1,0,1,0,2.5,5,0.07,0.14,15,28,14.5,27,2.5,3,1.5,1,1,0,1,0,0,0,0,0,1.5,1
558,3,32,2,106.5,5,"Type_3",0,0,228,228,185,0,175,0,16,0,85,0,70,0,16,0,54,0,5.78690127077224,0.361681329423265,5.78690127077224,0.361681329423265,0.500488758553275,0.0312805474095796,2.65884652981427,0.166177908113392,2.18963831867058,0.136852394916911,0.500488758553275,0.0312805474095796,1.6891495601173,0.105571847507331,28,0,12,0,30,0,30,0,32,0,19,0,12,0,1,0,0.01,0,117,34,65,128,56,90,1.5,1,1,0,1,0,0.5,1,0,0,1,0
560,1,37,0,146,0,"Type_2",0,0,79,79,97,0,77,0,7,0,48,0,42,0,5,0,37,0,2.62162162162162,0,2.62162162162162,0,0.189189189189189,0,1.2972972972973,0,1.13513513513514,0,0.189189189189189,0,1,0,12,0,8,0,7,0,7,0,7,0,1,0,1,0,6,0,0.08,0,12,0,6,0,7,0,1,0,1,0,1,0,0,0,0,0,1,0
561,1,22,2,123,0,"Type_2",0,0,97,97,23,2,16,2,7,0,12,2,12,0,6,0,6,0,1.04554865424431,0.00414078674948248,1.04554865424431,0.00414078674948248,0.318840579710145,0.0289855072463768,0.544513457556936,0.0414078674948239,0.546583850931677,0.0496894409937888,0.318840579710145,0.0289855072463768,0.273291925465838,0.0248447204968944,17.5,1,1,0,1,0,1,0,1,0,1,0,0,0,0,0,0,0,21,0,17,0,9,0,4,0,3,0,3,0,1,0,0,0,3,0
562,1,25.5,5,151,30,"Type_3",18,18,180,180,25.5,5,21.5,5,3,0,15.5,3,17.5,3,4,0,13.5,3,1,0,1,0,0.118788819875776,0.0232919254658385,0.607919254658385,0.00155279503105599,0.687111801242236,0.0170807453416149,0.118788819875776,0.0232919254658385,0.528726708074534,0.0139751552795031,13.5,1,2.5,1,3.5,1,3.5,1,4,2,1,0,1,0,0,0,0,0,10,16,9.5,17,2.5,1,1,0,1,0,1,0,1,0,0,0,0,0
564,3,29,0,145,0,"Type_2",0,0,255,255,214,0,170,0,12,0,106,0,89,0,19,0,70,0,7.37931034482759,0,7.37931034482759,0,0.413793103448276,0,3.6551724137931,0,3.06896551724138,0,0.413793103448276,0,2.41379310344828,0,48,0,7,0,29,0,29,0,31,0,1,0,5,0,4,0,0.02,0,79.5,157,68.5,135,23,42,6,10,1,0,1,0,3.5,7,0,0,2.5,3
894,1,23,0,129,0,"Type_1",16,16,0,0,23,0,19,0,2,0,11,0,12,0,2,0,10,0,1,0,1,0,0.0869565217391304,0,0.478260869565217,0,0.521739130434783,0,0.0869565217391304,0,0.434782608695652,0,6,0,1,0,2,0,2,0,2,0,1,0,1,0,1,0,0.05,0,24,14,20.5,7,6.5,9,2,2,1,0,1,0,0,0,0.5,1,1.5,1
1149,1,18,0,224,0,"Type_1",0,0,4,4,21,0,18,0,3,0,14,0,15,0,2,0,13,0,1.16666666666667,0,1.16666666666667,0,0.166666666666667,0,0.777777777777778,0,0.833333333333333,0,0.166666666666667,0,0.722222222222222,0,4,0,0,0,1,0,1,0,1,0,1,0,0,0,0,0,0,0,16,0,16,0,5,2,1.5,1,1,0,1,0,0,0,0,0,1.5,1
1150,1,9,0,104,0,"Type_1",0,0,59,59,19,6,16,4,3,0,12,4,13,4,2,0,11,4,2.11111111111111,0.666666666666667,2.11111111111111,0.666666666666667,0.333333333333333,0,1.33333333333333,0.444444444444444,1.44444444444444,0.444444444444444,0.333333333333333,0,1.22222222222222,0.444444444444444,4,0,0,0,1,0,1,0,1,0,1,0,0,0,0,0,0,0,9,6,9,6,3,2,1,0,1,0,1,0,0,0,0,0,1,0
1153,3,16,0,105,0,"Type_1",3,3,0,0,16,0,14,0,2,0,9,0,10,0,2,0,8,0,1,0,1,0,0.125,0,0.5625,0,0.625,0,0.125,0,0.5,0,15,0,5,2,2,0,2,0,2,0,1,0,1,0,0,0,0,0,7.5,14,7.25,13,2.25,4,1.5,2,1,0,1,0,0,0,0.75,3,0.75,1
1402,2,22,0,177,0,"Type_1",18,18,0,0,22,0,18,0,2,0,11,0,12,0,2,0,10,0,1,0,1,0,0.0909090909090909,0,0.5,0,0.545454545454545,0,0.0909090909090909,0,0.454545454545455,0,10,0,3,0,4,0,4,0,4,0,1,0,1,0,0,0,0,0,15.6666666666667,41,10.3333333333333,28,8.66666666666667,20,3,6,1.33333333333333,1,1.33333333333333,1,0,0,0.666666666666667,1,2.33333333333333,7
1643,7,40,8,175,52,"Type_3",0,0,461,461,116,0,91,0,15,0,47,0,46,0,19,0,27,0,2.92929292929293,0.585858585858586,2.92929292929293,0.585858585858586,0.378787878787879,0.0757575757575758,1.18686868686869,0.237373737373737,1.16161616161616,0.232323232323232,0.378787878787879,0.0757575757575758,0.681818181818182,0.136363636363636,19,0,6,0,17,0,17,0,20,0,14,0,5,0,7,0,0.08,0,26,46,21.75,44,6,8,1.5,2,1.25,1,1.25,1,0.25,1,0.25,1,1,0
1667,1,22,0,112,0,"Type_2",0,0,47,47,22,0,15,0,7,0,11,0,12,0,6,0,6,0,1,0,1,0,0.318181818181818,0,0.5,0,0.545454545454545,0,0.318181818181818,0,0.272727272727273,0,12,0,1,0,1,0,1,0,1,0,1,0,0,0,1,2,0.065,0.13,13,0,13,0,4,0,1,0,1,0,1,0,1,0,0,0,0,0
1669,1,21.5,1,118.5,7,"Type_3",0,0,111,111,21.5,1,15.5,1,8,0,11.5,1,11.5,1,6,0,5.5,1,1,0,1,0,0.372294372294372,0.0173160173160173,0.534632034632035,0.0216450216450216,0.534632034632035,0.0216450216450216,0.372294372294372,0.0173160173160173,0.255411255411255,0.0346320346320346,11.5,1,1,0,1,0,1,0,1,0,1,0,0,0,0,0,0,0,12.5,1,12.5,1,4,0,1,0,1,0,1,0,1,0,0,0,0,0
1671,2,26.3333333333333,15,115.333333333333,13,"Type_3",0,0,192.33,577,26.3333333333333,15,15.3333333333333,1,8,0,11.3333333333333,1,11.3333333333333,1,6,0,5.33333333333333,1,1,0,1,0,0.322270322270322,0.158730158730159,0.458273208273208,0.23989898989899,0.458273208273208,0.23989898989899,0.322270322270322,0.158730158730159,0.216570466570467,0.133838383838384,11.3333333333333,1,1,0,1,0,1,0,1,0,1,0,0,0,4.33333333333333,13,0.29,0.87,12.3333333333333,1,12.3333333333333,1,4,0,1,0,1,0,1,0,1,0,0,0,0,0
1678,1,24,2,127.5,19,"Type_3",0,0,131,131,25.5,3,17.5,3,9,0,13.5,3,14.5,3,8,0,6.5,3,1.06173913043478,0.0365217391304349,1.06173913043478,0.0365217391304349,0.375652173913044,0.031304347826087,0.560869565217391,0.0782608695652174,0.602608695652174,0.0747826086956522,0.375652173913044,0.031304347826087,0.268695652173913,0.102608695652174,12,0,1,0,1,0,1,0,1,0,1,0,0,0,0,0,0,0,15.5,3,15.5,3,4,0,1,0,1,0,1,0,1,0,0,0,0,0
1679,1,27,0,164,0,"Type_2",0,0,26,26,27,0,19,0,9,0,15,0,16,0,8,0,8,0,1,0,1,0,0.333333333333333,0,0.555555555555556,0,0.592592592592593,0,0.333333333333333,0,0.296296296296296,0,12,0,1,0,1,0,1,0,1,0,1,0,0,0,0,0,0,0,17,0,17,0,4,0,1,0,1,0,1,0,1,0,0,0,0,0
1680,1,24,2,127.5,19,"Type_3",0,0,116,116,25.5,3,17.5,3,9,0,13.5,3,14.5,3,8,0,6.5,3,1.06173913043478,0.0365217391304349,1.06173913043478,0.0365217391304349,0.375652173913044,0.031304347826087,0.560869565217391,0.0782608695652174,0.602608695652174,0.0747826086956522,0.375652173913044,0.031304347826087,0.268695652173913,0.102608695652174,12,0,1,0,1,0,1,0,1,0,1,0,0,0,0,0,0,0,15.5,3,15.5,3,4,0,1,0,1,0,1,0,1,0,0,0,0,0
1681,1,30,0,251,8,"Type_3",0,0,88,88,31,0,23,0,9,0,19,0,20,0,8,0,12,0,1.03333333333333,0,1.03333333333333,0,0.3,0,0.633333333333333,0,0.666666666666667,0,0.3,0,0.4,0,12,0,1,0,1,0,1,0,1,0,1,0,0,0,0,0,0,0,21,0,21,0,4,0,1,0,1,0,1,0,1,0,0,0,0,0
1682,2,23,0,124.666666666667,2,"Type_3",0,0,42,42,24,0,16,0,9,0,12,0,13,0,8,0,5,0,1.04347826086957,0,1.04347826086957,0,0.391304347826087,0,0.521739130434783,0,0.565217391304348,0,0.391304347826087,0,0.217391304347826,0,12,0,1,0,1,0,1,0,1,0,1,0,0,0,0,0,0,0,10,12,9.66666666666667,13,3.66666666666667,1,1,0,1,0,1,0,0.666666666666667,1,0,0,0.333333333333333,1
1683,1,24,2,123.5,11,"Type_3",0,0,128,128,25.5,3,17.5,3,9,0,13.5,3,14.5,3,8,0,6.5,3,1.06173913043478,0.0365217391304349,1.06173913043478,0.0365217391304349,0.375652173913044,0.031304347826087,0.560869565217391,0.0782608695652174,0.602608695652174,0.0747826086956522,0.375652173913044,0.031304347826087,0.268695652173913,0.102608695652174,12,0,1,0,1,0,1,0,1,0,1,0,0,0,0,0,0,0,15.5,3,15.5,3,4,0,1,0,1,0,1,0,1,0,0,0,0,0
1684,2,23.6666666666667,2,120.333333333333,13,"Type_3",0,0,107,107,25,3,17,3,9,0,13,3,14,3,8,0,6,3,1.05565217391304,0.0365217391304349,1.05565217391304,0.0365217391304349,0.380869565217391,0.031304347826087,0.547826086956522,0.0782608695652174,0.590144927536232,0.0747826086956522,0.380869565217391,0.031304347826087,0.251594202898551,0.102608695652174,12,0,1,0,1,0,1,0,1,0,1,0,0,0,0,0,0,0,11,15,10.6666666666667,16,3.66666666666667,1,1,0,1,0,1,0,0.666666666666667,1,0,0,0.333333333333333,1
1685,1,27,0,156,0,"Type_2",0,0,26,26,27,0,19,0,9,0,15,0,16,0,8,0,8,0,1,0,1,0,0.333333333333333,0,0.555555555555556,0,0.592592592592593,0,0.333333333333333,0,0.296296296296296,0,12,0,1,0,1,0,1,0,1,0,1,0,0,0,0,0,0,0,17,0,17,0,4,0,1,0,1,0,1,0,1,0,0,0,0,0
1686,1,24,2,123.5,11,"Type_3",0,0,124,124,25.5,3,17.5,3,9,0,13.5,3,14.5,3,8,0,6.5,3,1.06173913043478,0.0365217391304349,1.06173913043478,0.0365217391304349,0.375652173913044,0.031304347826087,0.560869565217391,0.0782608695652174,0.602608695652174,0.0747826086956522,0.375652173913044,0.031304347826087,0.268695652173913,0.102608695652174,12,0,1,0,1,0,1,0,1,0,1,0,0,0,0,0,0,0,15.5,3,15.5,3,4,0,1,0,1,0,1,0,1,0,0,0,0,0
1687,2,23.6666666666667,2,120.333333333333,13,"Type_3",0,0,96,96,25,3,17,3,9,0,13,3,14,3,8,0,6,3,1.05565217391304,0.0365217391304349,1.05565217391304,0.0365217391304349,0.380869565217391,0.031304347826087,0.547826086956522,0.0782608695652174,0.590144927536232,0.0747826086956522,0.380869565217391,0.031304347826087,0.251594202898551,0.102608695652174,12,0,1,0,1,0,1,0,1,0,1,0,0,0,0,0,0,0,11,15,10.6666666666667,16,3.66666666666667,1,1,0,1,0,1,0,0.666666666666667,1,0,0,0.333333333333333,1
1690,3,23,0,114.75,9,"Type_3",0,0,42.67,128,24.25,1,16.25,1,9,0,12.25,1,13.25,1,8,0,5.25,1,1.05434782608696,0.0434782608695652,1.05434782608696,0.0434782608695652,0.391304347826087,0,0.532608695652174,0.0434782608695652,0.576086956521739,0.0434782608695653,0.391304347826087,0,0.228260869565217,0.0434782608695652,11.25,3,1,0,1,0,1,0,1,0,1,0,0,0,0,0,0,0,11.25,13,11,14,3.75,1,1,0,1,0,1,0,0.75,1,0,0,0.25,1
1691,1,24,2,119,20,"Type_3",0,0,133,133,26,2,18,2,9,0,14,2,15,2,8,0,7,2,1.08347826086957,0.00695652173913031,1.08347826086957,0.00695652173913031,0.375652173913044,0.031304347826087,0.582608695652174,0.0347826086956522,0.624347826086957,0.0313043478260869,0.375652173913044,0.031304347826087,0.290434782608696,0.0591304347826087,10.5,3,1,0,1,0,1,0,1,0,1,0,0,0,0,0,0,0,16,2,16,2,4,0,1,0,1,0,1,0,1,0,0,0,0,0
1692,1,24,2,124,20,"Type_3",0,0,108,108,26,2,18,2,9,0,14,2,15,2,8,0,7,2,1.08347826086957,0.00695652173913031,1.08347826086957,0.00695652173913031,0.375652173913044,0.031304347826087,0.582608695652174,0.0347826086956522,0.624347826086957,0.0313043478260869,0.375652173913044,0.031304347826087,0.290434782608696,0.0591304347826087,10.5,3,1,0,1,0,1,0,1,0,1,0,0,0,0,0,0,0,16,2,16,2,4,0,1,0,1,0,1,0,1,0,0,0,0,0
1695,3,22.5,2,112.5,18,"Type_3",0,0,67,201,23.75,1,16,0,8.75,1,12,0,13,0,7.75,1,5.25,1,1.0564182194617,0.0517598343685302,1.0564182194617,0.0517598343685302,0.38871635610766,0.010351966873706,0.53416149068323,0.0496894409937888,0.578674948240166,0.0538302277432713,0.38871635610766,0.010351966873706,0.234472049689441,0.0683229813664596,11,4,0.75,1,1,0,1,0,1,0,1,0,0,0,0,0,0,0,11,12,10.75,13,3.75,1,1,0,1,0,1,0,0.75,1,0,0,0.25,1
1725,9,23.5,1,111,0,"Type_1",0,0,139,139,132,0,106,0,17,0,58,0,53,0,21,0,32,0,5.6195652173913,0.239130434782608,5.6195652173913,0.239130434782608,0.723731884057971,0.0307971014492753,2.46920289855072,0.105072463768116,2.25634057971015,0.0960144927536231,0.723731884057971,0.0307971014492753,1.36231884057971,0.0579710144927537,22,0,6,0,19,0,19,0,22,0,15,0,5,0,7,0,0.07,0,25.4,46,20.6,44,6.4,8,1.4,2,1.2,1,1.2,1,0.4,1,0.2,1,0.8,1
1919,2,28,0,124.333333333333,8,"Type_3",0,0,131,131,41,6,29.3333333333333,10,3.66666666666667,2,16.6666666666667,5,13.6666666666667,5,3.66666666666667,2,10,3,1.46428571428571,0.214285714285714,1.46428571428571,0.214285714285714,0.130952380952381,0.0714285714285714,0.595238095238095,0.178571428571429,0.488095238095238,0.178571428571429,0.130952380952381,0.0714285714285714,0.357142857142857,0.107142857142857,14.3333333333333,7,5.33333333333333,1,5.66666666666667,2,5.66666666666667,2,6.66666666666667,2,3,0,2,0,5,6,0.19,0.24,12,23,9.33333333333333,20,3.66666666666667,3,1,0,1,0,1,0,0,0,0,0,1,0
1938,9,22,2,122.5,5,"Type_3",0,0,424,424,132,0,106,0,17,0,58,0,53,0,21,0,32,0,6.01242236024845,0.546583850931677,6.01242236024845,0.546583850931677,0.774327122153209,0.0703933747412009,2.64182194616977,0.240165631469979,2.41407867494824,0.219461697722567,0.774327122153209,0.0703933747412009,1.45755693581781,0.132505175983437,22,0,6,0,19,0,19,0,22,0,15,0,5,0,7,0,0.07,0,25.4,46,20.6,44,6.4,8,1.4,2,1.2,1,1.2,1,0.4,1,0.2,1,0.8,1
1954,1,12,0,149,0,"Type_2",0,0,35,35,15,2,15,2,5,0,9,2,10,2,2,0,8,2,1.25,0.166666666666667,1.25,0.166666666666667,0.416666666666667,0,0.75,0.166666666666667,0.833333333333333,0.166666666666667,0.416666666666667,0,0.666666666666667,0.166666666666667,6,0,11.5,7,1,0,1,0,1,0,1,0,0,0,0,0,0,0,16,4,13.5,3,5.5,1,2,0,1,0,1,0,2,0,0,0,0,0
1970,2,22.3333333333333,5,140,30,"Type_3",18,18,214,214,26.3333333333333,5,22.3333333333333,5,3,0,16,3,18,3,4,0,14,3,1.1812865497076,0.0438596491228069,1.1812865497076,0.0438596491228069,0.135964912280702,0.0328947368421053,0.717836257309941,0.0285087719298245,0.808479532163743,0.0504385964912281,0.135964912280702,0.0328947368421053,0.62719298245614,0.00657894736842102,13.6666666666667,1,2.66666666666667,1,3.66666666666667,1,3.66666666666667,1,4.33333333333333,2,1,0,1,0,0,0,0,0,7.33333333333333,16,6.66666666666667,17,2.66666666666667,1,1,0,1,0,1,0,0.666666666666667,1,0,0,0.333333333333333,1
2022,2,14.3333333333333,1,118,0,"Type_1",0,0,1,1,14.3333333333333,1,14,0,9,0,10,0,11,0,8,0,3,0,1,0,1,0,0.628571428571429,0.0428571428571429,0.698412698412698,0.0476190476190477,0.768253968253968,0.0523809523809524,0.628571428571429,0.0428571428571429,0.20952380952381,0.0142857142857143,11,0,0,0,1,0,1,0,1,0,1,0,0,0,0,0,0,0,9.33333333333333,7,8.66666666666667,9,2.33333333333333,1,1,0,1,0,1,0,0.333333333333333,1,0,0,0.666666666666667,1
2035,1,17,0,141,0,"Type_1",2,2,47,47,31.5,1,24.5,1,11,0,18.5,1,17.5,1,10,0,7.5,1,1.85294117647059,0.0588235294117647,1.85294117647059,0.0588235294117647,0.647058823529412,0,1.08823529411765,0.0588235294117647,1.02941176470588,0.0588235294117647,0.647058823529412,0,0.441176470588235,0.0588235294117647,19.5,1,1,0,3,0,3,0,3,0,1,0,1,0,1,0,0.04,0,2,0,1,0,2,0,1,0,1,0,1,0,1,0,0,0,0,0
2038,1,19,0,115,0,"Type_1",2,2,0,0,30,2,23,2,11,0,17,2,16.5,1,10,0,6.5,1,1.57894736842105,0.105263157894737,1.57894736842105,0.105263157894737,0.578947368421053,0,0.894736842105263,0.105263157894737,0.868421052631579,0.0526315789473685,0.578947368421053,0,0.342105263157895,0.0526315789473684,19,0,1,0,2.5,1,2.5,1,2.5,1,1,0,1,0,1,0,0.045,0.01,2,0,1,0,2,0,1,0,1,0,1,0,1,0,0,0,0,0
2218,5,32,0,180,0,"Type_2",0,0,35,35,44,0,34,0,4,0,19,0,23,0,7,0,16,0,1.375,0,1.375,0,0.125,0,0.59375,0,0.71875,0,0.125,0,0.5,0,20,0,2,0,7,0,7,0,7,0,1,0,3,0,0,0,0,0,7.33333333333333,8,5,5,3.66666666666667,7,1.33333333333333,1,1.33333333333333,1,1.33333333333333,1,1,0,0,0,0.333333333333333,1
2275,1,21.5,1,191,16,"Type_3",2,2,282,282,31,2,24,2,10.5,1,18,2,18,0,9.5,1,8.5,1,1.44372294372294,0.16017316017316,1.44372294372294,0.16017316017316,0.489177489177489,0.0692640692640693,0.838744588744589,0.132034632034632,0.837662337662338,0.0389610389610389,0.489177489177489,0.0692640692640693,0.395021645021645,0.0281385281385282,21,2,1,0,3,0,3,0,3,0,1,0,1,0,1,0,0.04,0,2,0,1,0,2,0,1,0,1,0,1,0,1,0,0,0,0,0
2287,2,30.6666666666667,3,219.333333333333,19,"Type_3",2,2,76.67,230,30.6666666666667,3,24.3333333333333,1,11,0,18.3333333333333,1,17.3333333333333,1,10,0,7.33333333333333,1,1,0,1,0,0.359299684835002,0.0355603448275862,0.598361605487579,0.0400444938820912,0.565697997775306,0.0378197997775306,0.359299684835002,0.0355603448275862,0.239061920652577,0.0241935483870968,19.3333333333333,1,1,0,3,0,3,0,3,0,1,0,1,0,1,0,0.04,0,2,0,1,0,2,0,1,0,1,0,1,0,1,0,0,0,0,0
2289,3,34,0,192.25,9,"Type_3",18,18,37,37,45.75,7,35.25,5,4,0,19.75,3,23.75,3,7,0,16.75,3,1.34558823529412,0.205882352941176,1.34558823529412,0.205882352941176,0.117647058823529,0,0.580882352941177,0.0882352941176471,0.698529411764706,0.088235294117647,0.117647058823529,0,0.492647058823529,0.0882352941176471,20.25,1,2,0,7.25,1,7.25,1,7.5,2,1,0,3,0,0,0,0,0,6.25,8,4.5,5,3.25,7,1.25,1,1.25,1,1.25,1,0.75,1,0,0,0.5,1
2290,1,11.5,3,105,10,"Type_3",18,18,112,112,11.5,3,11.5,3,1,0,7.5,1,8.5,1,1,0,7.5,1,1,0,1,0,0.0884615384615385,0.0230769230769231,0.657692307692308,0.0846153846153845,0.746153846153846,0.107692307692308,0.0884615384615385,0.0230769230769231,0.657692307692308,0.0846153846153845,7.5,1,6.5,3,1.5,1,1.5,1,1.5,1,1,0,0.5,1,0,0,0,0,14,2,14,2,3,2,1,0,1,0,1,0,0,0,0,0,1,0
2309,2,22,0,187,0,"Type_1",3,3,0,0,31.6666666666667,7,27.6666666666667,7,4,0,17.3333333333333,5,17.6666666666667,4,4,0,13.6666666666667,4,1.43939393939394,0.318181818181818,1.43939393939394,0.318181818181818,0.181818181818182,0,0.787878787878788,0.227272727272727,0.803030303030303,0.181818181818182,0.181818181818182,0,0.621212121212121,0.181818181818182,18.6666666666667,4,3.66666666666667,1,4,0,4,0,6,0,1,0,2,0,0,0,0,0,18,18,17.3333333333333,20,2.33333333333333,1,1,0,1,0,1,0,0,0,0,0,1,0
2321,5,19.8333333333333,1,100,0,"Type_1",15,15,165,165,112.833333333333,103,92.8333333333333,85,16.5,9,67.6666666666667,62,58.1666666666667,53,20.1666666666667,17,38,36,5.65350877192982,5.07894736842105,5.65350877192982,5.07894736842105,0.828947368421053,0.426315789473684,3.39035087719298,3.05789473684211,2.91447368421053,2.61315789473684,0.828947368421053,0.426315789473684,1.90350877192982,1.77894736842105,59.1666666666667,59,8.5,9,6,6,6,6,6,6,1,0,0,0,0,0,0,0,26.5,79,21.6666666666667,79,6.83333333333333,24,1.66666666666667,2,1,0,1,0,0.333333333333333,2,0,0,1.33333333333333,2
2322,1,21,0,104,0,"Type_1",17,17,0,0,21,0,19,0,4,0,10,0,11,0,4,0,7,0,1,0,1,0,0.19047619047619,0,0.476190476190476,0,0.523809523809524,0,0.19047619047619,0,0.333333333333333,0,4,0,3,0,4,0,4,0,4,0,1,0,2,0,0,0,0,0,16,0,16,0,3,2,1,0,1,0,1,0,0,0,0,0,1,0
2329,1,30,0,134,0,"Type_1",0,0,5,5,30,0,27,0,4,0,14,0,12,0,4,0,8,0,1,0,1,0,0.133333333333333,0,0.466666666666667,0,0.4,0,0.133333333333333,0,0.266666666666667,0,7,0,5,0,5,0,5,0,6,0,1,0,2,0,1,0,0.04,0,24,0,24,0,4,0,1,0,1,0,1,0,0,0,0,0,1,0
2334,1,19,0,135,0,"Type_1",16,16,0,0,19,0,13,0,2,0,8,0,9,0,2,0,7,0,1,0,1,0,0.105263157894737,0,0.421052631578947,0,0.473684210526316,0,0.105263157894737,0,0.368421052631579,0,11,0,1,0,2,0,2,0,2,0,1,0,1,0,0,0,0,0,12,0,12,0,2,0,1,0,1,0,1,0,0,0,0,0,1,0
2337,6,20,0,163,0,"Type_1",4,4,0,0,64.5714285714286,19,55,14,8.14285714285714,3,30.5714285714286,12,26.4285714285714,9,7.85714285714286,4,18.5714285714286,5,3.22857142857143,0.95,3.22857142857143,0.95,0.407142857142857,0.15,1.52857142857143,0.6,1.32142857142857,0.45,0.407142857142857,0.15,0.928571428571429,0.25,21.7142857142857,8,7.85714285714286,4,10.4285714285714,2,10.4285714285714,2,10.7142857142857,1,1.85714285714286,3,3,0,0,0,0,0,31.1428571428571,70,18.7142857142857,55,14.1428571428571,46,1.42857142857143,2,1,0,1,0,0.571428571428571,2,0,0,0.857142857142857,3
2515,1,30.5,1,224,0,"Type_2",16,16,71,71,30.5,1,24.5,1,8.5,1,14,0,15,0,8,0,7,0,1,0,1,0,0.278494623655914,0.0236559139784946,0.459139784946237,0.0150537634408602,0.491935483870968,0.0161290322580645,0.278494623655914,0.0236559139784946,0.229569892473118,0.00752688172043012,16,0,4,0,4,0,4,0,5,0,1,0,1,0,0,0,0,0,28,0,24,0,8.5,3,2,0,1,0,1,0,0,0,0,0,2,0
3491,2,24.3333333333333,4,164.333333333333,10,"Type_3",0,0,121,121,47,27,39.6666666666667,23,7.33333333333333,4,24.3333333333333,16,27.3333333333333,16,9.33333333333333,4,18,12,1.90391841116479,0.755233494363929,1.90391841116479,0.755233494363929,0.297369833601718,0.109500805152979,0.982823403113258,0.470209339774557,1.10681696188943,0.450885668276973,0.297369833601718,0.109500805152979,0.726784755770263,0.35426731078905,24.3333333333333,16,4.66666666666667,2,6.66666666666667,2,6.66666666666667,2,6.66666666666667,2,1,0,3.66666666666667,1,0,0,0,0,13,19,11.6666666666667,19,4.66666666666667,6,1.33333333333333,1,1,0,1,0,0,0,0.333333333333333,1,1,0
3524,1,21,0,118,0,"Type_1",0,0,5,5,53,22,45.5,15,8,2,24.5,11,21.5,9,6,2,15.5,7,2.52380952380952,1.04761904761905,2.52380952380952,1.04761904761905,0.380952380952381,0.0952380952380952,1.16666666666667,0.523809523809524,1.02380952380952,0.428571428571429,0.380952380952381,0.0952380952380952,0.738095238095238,0.333333333333333,16,8,8,0,6,2,6,2,8,4,1,0,5,2,2.5,5,0.045,0.09,33.5,11,33.5,11,2,0,1,0,1,0,1,0,0,0,0,0,1,0
4115,2,15,0,137,0,"Type_1",12.67,19,0,0,22.6666666666667,2,20.3333333333333,1,9,0,13.3333333333333,1,13.3333333333333,1,9,0,4.33333333333333,1,1.51111111111111,0.133333333333334,1.51111111111111,0.133333333333334,0.6,0,0.888888888888889,0.0666666666666667,0.888888888888889,0.0666666666666667,0.6,0,0.288888888888889,0.0666666666666667,12.3333333333333,1,3,2,5,0,5,0,5,0,1,0,2,0,0,0,0,0,18.3333333333333,34,18,35,4,6,1.33333333333333,1,1.33333333333333,1,1.33333333333333,1,0,0,0.333333333333333,1,1,0
4142,1,19,0,135,0,"Type_1",16,16,0,0,19,0,13,0,2,0,8,0,9,0,2,0,7,0,1,0,1,0,0.105263157894737,0,0.421052631578947,0,0.473684210526316,0,0.105263157894737,0,0.368421052631579,0,11,0,3,0,2,0,2,0,2,0,1,0,1,0,0,0,0,0,12,0,12,0,2,0,1,0,1,0,1,0,0,0,0,0,1,0
4147,1,15,0,102,0,"Type_1",4,4,0,0,15,0,15,0,5,0,8,0,9,0,3,0,6,0,1,0,1,0,0.333333333333333,0,0.533333333333333,0,0.6,0,0.333333333333333,0,0.4,0,7,0,7,0,2,0,2,0,2,0,1,0,1,0,0,0,0,0,5,0,3,0,3,0,1,0,1,0,1,0,0,0,0,0,1,0
4156,2,17.3333333333333,1,109,0,"Type_1",17,17,68,68,35.3333333333333,25,26.6666666666667,14,10,0,21,15,20,15,7.33333333333333,1,12.6666666666667,14,2.02178649237473,1.30065359477124,2.02178649237473,1.30065359477124,0.577342047930283,0.0326797385620915,1.20152505446623,0.781045751633987,1.1437908496732,0.784313725490196,0.577342047930283,0.0326797385620915,0.721132897603486,0.751633986928105,10.3333333333333,1,3,6,1,0,1,0,1,0,1,0,0,0,2.66666666666667,8,0.0733333333333333,0.22,13.3333333333333,3,9.33333333333333,9,9.66666666666667,14,3.66666666666667,4,1.33333333333333,1,1.33333333333333,1,0,0,0,0,3.66666666666667,4
4157,1,23,0,147,0,"Type_1",16,16,0,0,23,0,18,0,2,0,9,0,10,0,2,0,8,0,1,0,1,0,0.0869565217391304,0,0.391304347826087,0,0.434782608695652,0,0.0869565217391304,0,0.347826086956522,0,12,0,4,0,4,0,4,0,4,0,1,0,3,0,0,0,0,0,16,0,16,0,2,0,1,0,1,0,1,0,0,0,0,0,1,0
4158,1,27,0,117,0,"Type_1",16,16,0,0,27,0,22,0,7,0,12,0,13,0,7,0,6,0,1,0,1,0,0.259259259259259,0,0.444444444444444,0,0.481481481481481,0,0.259259259259259,0,0.222222222222222,0,10,0,1,0,3,0,3,0,3,0,1,0,1,0,0,0,0,0,20,0,20,0,2,0,1,0,1,0,1,0,0,0,0,0,1,0
4160,1,20,0,168,0,"Type_3",19,19,36,36,23,2,20.5,1,9,0,13.5,1,13.5,1,9,0,4.5,1,1.15,0.0999999999999999,1.15,0.0999999999999999,0.45,0,0.675,0.0499999999999999,0.675,0.0499999999999999,0.45,0,0.225,0.05,12.5,1,2.5,1,5,0,5,0,5,0,1,0,2,0,0,0,0,0,26.5,19,26.5,19,5,6,1.5,1,1.5,1,1.5,1,0,0,0.5,1,1,0
4322,1,20,0,168,0,"Type_3",19,19,35,35,23,2,20.5,1,9,0,13.5,1,13.5,1,9,0,4.5,1,1.15,0.0999999999999999,1.15,0.0999999999999999,0.45,0,0.675,0.0499999999999999,0.675,0.0499999999999999,0.45,0,0.225,0.05,12.5,1,3,2,5,0,5,0,5,0,1,0,2,0,0,0,0,0,19,34,18.5,35,5,6,1.5,1,1.5,1,1.5,1,0,0,0.5,1,1,0
4325,1,14,0,160,0,"Type_2",0,0,118,118,41,0,37,0,2,0,34,0,35,0,2,0,33,0,2.92857142857143,0,2.92857142857143,0,0.142857142857143,0,2.42857142857143,0,2.5,0,0.142857142857143,0,2.35714285714286,0,18,0,4,0,1,0,1,0,1,0,1,0,0,0,5,0,0.14,0,76,0,76,0,8,0,2,0,2,0,2,0,0,0,2,0,0,0
4393,3,24,0,116.25,15,"Type_3",0,0,61,61,24,0,21,0,4,0,9,0,11,0,4,0,7,0,1,0,1,0,0.166666666666667,0,0.375,0,0.458333333333333,0,0.166666666666667,0,0.291666666666667,0,12,0,2.75,1,5,0,5,0,5.75,1,1,0,3,0,1,0,0.05,0,12.75,19,9.5,20,6,6,2.5,4,1,0,1,0,0.25,1,0,0,2.25,3
4395,3,24.75,1,126,28,"Type_3",0,0,135,135,24.75,1,21,0,4,0,9,0,11,0,4,0,7,0,1,0,1,0,0.161666666666667,0.00666666666666665,0.36375,0.015,0.444583333333333,0.0183333333333333,0.161666666666667,0.00666666666666665,0.282916666666667,0.0116666666666667,12,0,5,4,5,0,5,0,6.5,2,1,0,3,0,1,0,0.05,0,14.5,30,10.75,23,7,12,3,4,1,0,1,0,0.25,1,0.25,1,2.5,2
4405,3,25,0,108,0,"Type_2",0,0,4,24,29.75,3,25.75,3,6,0,21.75,3,13,0,5,0,8,0,1.19,0.12,1.19,0.12,0.24,0,0.87,0.12,0.52,0,0.24,0,0.32,0,12,0,0,0,1,0,1,0,1,0,1,0,0,0,0,0,0,0,14,0,14,0,2,0,1,0,1,0,1,0,1,0,0,0,0,0
4406,1,29,0,122,0,"Type_2",0,0,22,22,29,0,25,0,6,0,21,0,13,0,5,0,8,0,1,0,1,0,0.206896551724138,0,0.724137931034483,0,0.448275862068966,0,0.206896551724138,0,0.275862068965517,0,12,0,0,0,1,0,1,0,1,0,1,0,0,0,0,0,0,0,14,0,14,0,2,0,1,0,1,0,1,0,1,0,0,0,0,0
4418,1,22,0,176,0,"Type_2",0,0,5,5,22,0,20,0,9,0,13,0,13,0,9,0,4,0,1,0,1,0,0.409090909090909,0,0.590909090909091,0,0.590909090909091,0,0.409090909090909,0,0.181818181818182,0,12,0,3.5,1,5,0,5,0,5,0,1,0,2,0,0,0,0,0,9.5,15,9,16,2,0,1,0,1,0,1,0,0,0,0,0,1,0
4466,2,18,0,106,0,"Type_1",2,2,0,0,30.3333333333333,1,23.3333333333333,1,10.3333333333333,1,17.3333333333333,1,16.3333333333333,1,10,0,6.33333333333333,1,1.68518518518519,0.0555555555555556,1.68518518518519,0.0555555555555556,0.574074074074074,0.0555555555555556,0.962962962962963,0.0555555555555556,0.907407407407407,0.0555555555555556,0.574074074074074,0.0555555555555556,0.351851851851852,0.0555555555555556,17,3,1,0,2.33333333333333,1,2.33333333333333,1,2.33333333333333,1,1,0,1,0,1,0,0.04,0,3,3,1.33333333333333,1,2.66666666666667,2,1,0,1,0,1,0,0.666666666666667,1,0,0,0.333333333333333,1
4489,7,13,0,125,0,"Type_2",0,0,21,21,481,0,441,0,7,0,437,0,438,0,6,0,432,0,37,0,37,0,0.538461538461538,0,33.6153846153846,0,33.6923076923077,0,0.538461538461538,0,33.2307692307692,0,15,0,6,0,1,0,1,0,1,0,1,0,0,0,4,0,0.01,0,245,451,122.5,446,125.25,439,2.25,5,1,0,1,0,0,0,0,0,2.25,5
4495,7,22.5,5,248.5,65,"Type_3",0,0,420,420,481,0,441,0,7,0,437,0,438,0,6,0,432,0,21.645,4.81,21.645,4.81,0.315,0.07,19.665,4.37,19.71,4.38,0.315,0.07,19.44,4.32,15,0,6,0,1,0,1,0,1,0,1,0,0,0,4,0,0.01,0,245,451,122.5,446,125.25,439,2.25,5,1,0,1,0,0,0,0,0,2.25,5
4496,7,28.5,5,305.5,65,"Type_3",0,0,418,418,481,0,441,0,7,0,437,0,438,0,6,0,432,0,17.008064516129,2.98387096774194,17.008064516129,2.98387096774194,0.247518610421836,0.043424317617866,15.4522332506203,2.71091811414392,15.4875930521092,2.71712158808933,0.247518610421836,0.043424317617866,15.2754342431762,2.67990074441687,15,0,6,0,1,0,1,0,1,0,1,0,0,0,4,0,0.01,0,245,451,122.5,446,125.25,439,2.25,5,1,0,1,0,0,0,0,0,2.25,5
4599,7,20,0,201,6,"Type_3",0,0,50,50,481,0,441,0,7,0,437,0,438,0,6,0,432,0,24.05,0,24.05,0,0.35,0,21.85,0,21.9,0,0.35,0,21.6,0,15,0,6,0,1,0,1,0,1,0,1,0,0,0,4,0,0.01,0,245,451,122.5,446,125.25,439,2.25,5,1,0,1,0,0,0,0,0,2.25,5
4604,7,22,0,205,0,"Type_3",0,0,54,54,481,0,441,0,7,0,437,0,438,0,6,0,432,0,21.8636363636364,0,21.8636363636364,0,0.318181818181818,0,19.8636363636364,0,19.9090909090909,0,0.318181818181818,0,19.6363636363636,0,15,0,6,0,1,0,1,0,1,0,1,0,0,0,4,0,0.01,0,245,451,122.5,446,125.25,439,2.25,5,1,0,1,0,0,0,0,0,2.25,5
4618,7,41.5,11,406,106,"Type_3",0,0,774,774,481,0,441,0,7,0,437,0,438,0,6,0,432,0,11.7975768321513,3.12706855791962,11.7975768321513,3.12706855791962,0.171690307328605,0.0455082742316785,10.7183806146572,2.84101654846336,10.7429078014184,2.84751773049645,0.171690307328605,0.0455082742316785,10.5957446808511,2.80851063829787,15,0,6,0,1,0,1,0,1,0,1,0,0,0,4,0,0.01,0,245,451,122.5,446,125.25,439,2.25,5,1,0,1,0,0,0,0,0,2.25,5
4628,11,12.3333333333333,1,139.666666666667,11,"Type_3",0,0,30,90,355.333333333333,377,325.333333333333,347,6.66666666666667,1,321.333333333333,347,322.333333333333,347,5.66666666666667,1,316.666666666667,346,29.3888888888889,32.0833333333333,29.3888888888889,32.0833333333333,0.542735042735043,0.121794871794872,26.5854700854701,29.4935897435897,26.6666666666667,29.5,0.542735042735043,0.121794871794872,26.2051282051282,29.3846153846154,16,3,6.66666666666667,2,1,0,1,0,1,0,1,0,0,0,2.66666666666667,4,0.00666666666666667,0.01,182.166666666667,451,91.0833333333333,446,93.8333333333333,439,2.25,5,1.16666666666667,2,1.16666666666667,2,0,0,0.0833333333333333,1,2.16666666666667,5
4630,7,25,0,256,6,"Type_3",0,0,49,49,104,0,94,0,6,0,90,0,91,0,5,0,86,0,4.16,0,4.16,0,0.24,0,3.6,0,3.64,0,0.24,0,3.44,0,18,0,8,0,1,0,1,0,1,0,1,0,0,0,0,0,0,0,56.5,105,28.25,82,31,92,2.25,3,1.5,2,1.5,2,0,0,0.25,1,2,2
5076,1,33,0,176,0,"Type_1",3,3,0,0,33,0,28,0,5,0,16,0,15,0,6,0,9,0,1,0,1,0,0.151515151515152,0,0.484848484848485,0,0.454545454545455,0,0.151515151515152,0,0.272727272727273,0,1,0,0.5,1,1,0,1,0,1,0,1,0,0,0,0,0,0,0,25,2,24.5,1,3,2,1.5,1,1,0,1,0,0,0,0.5,1,1,0
5102,4,19.8,3,128.8,8,"Type_3",19,19,179,179,24.4,4,19.4,4,6.6,1,12.6,1,14.6,1,7,0,7.6,1,1.23174603174603,0.0158730158730158,1.23174603174603,0.0158730158730158,0.333333333333333,0,0.638095238095238,0.0476190476190476,0.73968253968254,0.0634920634920635,0.333333333333333,0,0.384126984126984,0.00793650793650796,16,0,3.6,1,2.6,1,2.6,1,2.6,1,1,0,1.6,1,0.6,1,0.03,0.05,8.4,30,7.4,31,4,6,1.4,1,1.2,1,1.2,1,0,0,0.2,1,1.2,1
5336,1,39,0,156,0,"Type_2",0,0,138,138,71,38,61.5,35,7.5,3,31,18,33,18,9.5,3,23.5,15,1.82051282051282,0.974358974358974,1.82051282051282,0.974358974358974,0.192307692307692,0.0769230769230769,0.794871794871795,0.461538461538461,0.846153846153846,0.461538461538461,0.192307692307692,0.0769230769230769,0.602564102564103,0.384615384615385,18,8,5,4,13,8,13,8,13.5,9,5,0,4,0,0,0,0,0,47,26,47,26,2,0,1,0,1,0,1,0,0,0,0,0,1,0
5681,1,31,0,203,0,"Type_1",17,17,27,27,42.5,1,33.5,1,6.5,1,21,0,13,0,4,0,9,0,1.37096774193548,0.0322580645161292,1.37096774193548,0.0322580645161292,0.209677419354839,0.032258064516129,0.67741935483871,0,0.419354838709677,0,0.209677419354839,0.032258064516129,0.290322580645161,0,16,0,7,0,4,0,4,0,6,0,1,0,2,0,0,0,0,0,20,0,20,0,3,2,1,0,1,0,1,0,1,0,0,0,0,0
5910,1,17,0,101,0,"Type_2",0,0,13,13,21,0,15,0,2,0,10,0,11,0,2,0,9,0,1.23529411764706,0,1.23529411764706,0,0.117647058823529,0,0.588235294117647,0,0.647058823529412,0,0.117647058823529,0,0.529411764705882,0,11,0,2,0,2,0,2,0,2,0,1,0,1,0,4,0,0.27,0,2,0,2,0,1,0,1,0,1,0,1,0,0,0,1,0,0,0
5959,1,25.5,9,154.5,73,"Type_3",17,17,640,640,42.5,1,33.5,1,6.5,1,21,0,13,0,4,0,9,0,1.72380952380952,0.647619047619048,1.72380952380952,0.647619047619048,0.266666666666667,0.133333333333333,0.85,0.3,0.526190476190476,0.185714285714286,0.266666666666667,0.133333333333333,0.364285714285714,0.128571428571429,16,0,7,0,4,0,4,0,6,0,1,0,2,0,0,0,0,0,20,0,20,0,3,2,1,0,1,0,1,0,1,0,0,0,0,0
5980,1,46,4,244,22,"Type_3",18,18,375,375,64.5,13,54.5,7,11,0,33,2,31,2,10.5,1,20.5,3,1.39867424242424,0.160984848484849,1.39867424242424,0.160984848484849,0.239583333333333,0.0208333333333333,0.71780303030303,0.0189393939393939,0.674242424242424,0.0151515151515151,0.239583333333333,0.0208333333333333,0.445075757575758,0.0265151515151515,10.5,1,7,0,3,2,3,2,3,2,1,0,0,0,1,0,0.02,0,5,2,1.5,1,5,4,1,0,1,0,1,0,0,0,0,0,1,0
6031,1,68,0,339,0,"Type_1",17,17,0,0,68,0,48,0,15,0,30,0,34,0,16,0,18,0,1,0,1,0,0.220588235294118,0,0.441176470588235,0,0.5,0,0.220588235294118,0,0.264705882352941,0,24,0,1,0,7,0,7,0,7,0,1,0,2,0,0,0,0,0,20.5,35,20.5,35,1.5,1,1,0,1,0,1,0,0,0,0,0,1,0
6032,2,20,0,115,0,"Type_1",17,17,0,0,20,0,20,0,4,0,11,0,12,0,4,0,8,0,1,0,1,0,0.2,0,0.55,0,0.6,0,0.2,0,0.4,0,10,0,3,0,4,0,4,0,4,0,4,0,3,0,0,0,0,0,12.6666666666667,16,12.3333333333333,17,2,0,1,0,1,0,1,0,0.333333333333333,1,0,0,0.666666666666667,1
6033,1,19,0,119,0,"Type_1",17,17,0,0,19,0,16,0,3,0,8,0,8,0,2,0,6,0,1,0,1,0,0.157894736842105,0,0.421052631578947,0,0.421052631578947,0,0.157894736842105,0,0.315789473684211,0,16,0,4,0,3,0,3,0,3,0,1,0,2,0,0,0,0,0,13,0,13,0,2.5,1,1.5,1,1,0,1,0,0,0,0,0,1.5,1
6035,2,48,0,246,0,"Type_1",17,17,0,0,48,0,42,0,6,0,21,0,24,0,9,0,15,0,1,0,1,0,0.125,0,0.4375,0,0.5,0,0.125,0,0.3125,0,21,0,4,0,9,0,9,0,9,0,1,0,5,0,0,0,0,0,14.6666666666667,32,14.6666666666667,32,1.33333333333333,1,1,0,1,0,1,0,0,0,0,0,1,0
6036,3,25,0,169,0,"Type_1",17,17,0,0,25,0,25,0,7,0,15,0,15,0,6,0,9,0,1,0,1,0,0.28,0,0.6,0,0.6,0,0.28,0,0.36,0,11,0,7,0,4,0,4,0,4,0,4,0,3,0,0,0,0,0,13.5,16,12,17,3.5,6,1.5,2,1,0,1,0,0.5,1,0,0,1,2
6039,2,31,0,225,0,"Type_1",17,17,0,0,31,0,31,0,6,0,20,0,21,0,6,0,15,0,1,0,1,0,0.193548387096774,0,0.645161290322581,0,0.67741935483871,0,0.193548387096774,0,0.483870967741935,0,20,0,7,0,5,0,5,0,5,0,4,0,4,0,0,0,0,0,21.3333333333333,14,20,18,3.66666666666667,5,1.66666666666667,2,1,0,1,0,0.666666666666667,1,0,0,1,2
6042,1,25,0,106,0,"Type_1",16,16,7,7,25,0,22,0,2,0,9,0,12,0,4,0,8,0,1,0,1,0,0.08,0,0.36,0,0.48,0,0.08,0,0.32,0,6,0,4,4,6,0,6,0,9,0,6,0,3,0,0,0,0,0,19,2,18,0,3,2,1.5,1,1,0,1,0,0,0,0,0,1.5,1
6047,1,45,0,157,0,"Type_1",16,16,0,0,53,0,37,0,3,0,18,0,19,0,4,0,15,0,1.17777777777778,0,1.17777777777778,0,0.0666666666666667,0,0.4,0,0.422222222222222,0,0.0666666666666667,0,0.333333333333333,0,7,0,3.5,1,8,0,8,0,10,0,7,0,4,0,14,0,0.38,0,30,0,30,0,2,0,1,0,1,0,1,0,0,0,0,0,1,0
6260,1,47.5,1,175,8,"Type_3",16,16,36,36,56,2,38.5,1,4,0,19.5,1,20.5,1,5,0,15.5,1,1.17885638297872,0.0172872340425532,1.17885638297872,0.0172872340425532,0.0842198581560284,0.00177304964539007,0.410460992907801,0.0124113475177305,0.431515957446808,0.011968085106383,0.0842198581560284,0.00177304964539007,0.326241134751773,0.0141843971631205,8.5,1,6.5,3,8,0,8,0,11,0,6,0,4,0,16.5,1,0.43,0.02,16,30,16,30,1.5,1,1,0,1,0,1,0,0,0,0,0,1,0
6297,7,25.25,2,122.5,28,"Type_3",0,0,131,131,25.25,2,21.625,1,4,0,9.625,1,11,0,4,0,7,0,1,0,1,0,0.158653846153846,0.0128205128205128,0.381009615384615,0.00961538461538464,0.436298076923077,0.0352564102564102,0.158653846153846,0.0128205128205128,0.277644230769231,0.0224358974358975,12,0,4.5,4,5,0,5,0,6.25,2,1,0,3,0,1,0,0.05,0,10.25,30,6.875,23,5.5,13,2,5,1,0,1,0,0.375,1,0.125,1,1.5,4
6650,1,24.5,1,216,0,"Type_3",0,0,82,82,56,0,49,0,11,0,38,0,37,0,11,0,26,0,2.28666666666667,0.0933333333333333,2.28666666666667,0.0933333333333333,0.449166666666667,0.0183333333333333,1.55166666666667,0.0633333333333332,1.51083333333333,0.0616666666666668,0.449166666666667,0.0183333333333333,1.06166666666667,0.0433333333333332,12,0,3,0,1,0,1,0,1,0,1,0,1,0,1,0,0.02,0,44,0,44,0,2,0,1,0,1,0,1,0,0,0,0,0,1,0
7038,2,25,0,106,0,"Type_1",16,16,7,7,25,0,22,0,2,0,9,0,12,0,4,0,8,0,1,0,1,0,0.08,0,0.36,0,0.48,0,0.08,0,0.32,0,6,0,4,3,6,0,6,0,9,0,6,0,3,0,0,0,0,0,13.3333333333333,15,12.3333333333333,13,2.66666666666667,2,1.33333333333333,1,1,0,1,0,0,0,0,0,1.33333333333333,1
7048,1,11,0,115,0,"Type_1",0,0,5,5,14,0,12,0,5,0,9,0,10,0,5,0,5,0,1.27272727272727,0,1.27272727272727,0,0.454545454545455,0,0.818181818181818,0,0.909090909090909,0,0.454545454545455,0,0.454545454545455,0,13,0,1,0,1,0,1,0,1,0,1,0,0,0,0,0,0,0,11,0,11,0,2,0,1,0,1,0,1,0,0,0,1,0,0,0
7050,2,8,0,101,0,"Type_1",0,0,0,0,15.6666666666667,5,13.6666666666667,5,6,3,10,3,11,3,5.33333333333333,1,5.66666666666667,2,1.95833333333333,0.625,1.95833333333333,0.625,0.75,0.375,1.25,0.375,1.375,0.375,0.75,0.375,0.708333333333333,0.25,14.6666666666667,5,1.66666666666667,2,1,0,1,0,1,0,1,0,0,0,0,0,0,0,12,3,12,3,2,0,1,0,1,0,1,0,0,0,1,0,0,0
7287,3,85.25,1,284,0,"Type_2",17,17,57,57,100.25,1,62.5,2,4,0,32.5,2,37,0,9,0,28,0,1.17595759233926,0.00205198358413128,1.17595759233926,0.00205198358413128,0.046922024623803,0.000547195622435021,0.381190150478796,0.0188782489740082,0.434028727770178,0.00506155950752396,0.046922024623803,0.000547195622435021,0.328454172366621,0.00383036935704512,29,0,3,0,12,0,12,0,12,0,4,0,4,0,20,0,0.3175,0.01,19.25,43,17.25,47,3.5,6,1.5,2,1.5,2,1.5,2,0.25,1,0,0,1.25,1
7290,1,15,0,177,0,"Type_2",0,0,30,30,21,0,19,0,6,0,15,0,16,0,5,0,11,0,1.4,0,1.4,0,0.4,0,1,0,1.06666666666667,0,0.4,0,0.733333333333333,0,22,0,2,0,1,0,1,0,1,0,1,0,0,0,0,0,0,0,17,0,17,0,2,0,1,0,1,0,1,0,0,0,1,0,0,0
7963,3,85.25,1,283,0,"Type_2",17,17,63,63,100.25,1,62.5,2,4,0,32.5,2,37,0,9,0,28,0,1.17595759233926,0.00205198358413128,1.17595759233926,0.00205198358413128,0.046922024623803,0.000547195622435021,0.381190150478796,0.0188782489740082,0.434028727770178,0.00506155950752396,0.046922024623803,0.000547195622435021,0.328454172366621,0.00383036935704512,29,0,3,0,12,0,12,0,12,0,4,0,4,0,20,0,0.3175,0.01,19.25,43,17.25,47,3.5,6,1.5,2,1.5,2,1.5,2,0.25,1,0,0,1.25,1
8618,3,23,2,126.5,15,"Type_3",0,0,135,135,24.5,3,17.5,3,9,0,13.5,3,14.5,3,8,0,6.5,3,1.06439393939394,0.0378787878787878,1.06439393939394,0.0378787878787878,0.392045454545455,0.0340909090909091,0.585227272727273,0.0795454545454546,0.628787878787879,0.0757575757575757,0.392045454545455,0.0340909090909091,0.28030303030303,0.106060606060606,13,0,1,0,1,0,1,0,1,0,1,0,0,0,0,0,0,0,8.75,15,8.25,16,3.5,1,1,0,1,0,1,0,0.5,1,0,0,0.5,1
8624,5,24,0,132,6,"Type_3",0,0,27.33,82,26,0,19,0,9,0,15,0,16,0,8,0,8,0,1.08333333333333,0,1.08333333333333,0,0.375,0,0.625,0,0.666666666666667,0,0.375,0,0.333333333333333,0,13,0,1,0,1,0,1,0,1,0,1,0,0,0,0,0,0,0,9.5,15,9,16,3.5,1,1,0,1,0,1,0,0.5,1,0,0,0.5,1
8629,3,24,0,131,6,"Type_3",0,0,85,85,26,0,19,0,9,0,15,0,16,0,8,0,8,0,1.08333333333333,0,1.08333333333333,0,0.375,0,0.625,0,0.666666666666667,0,0.375,0,0.333333333333333,0,13,0,1,0,1,0,1,0,1,0,1,0,0,0,0,0,0,0,9.5,15,9,16,3.5,1,1,0,1,0,1,0,0.5,1,0,0,0.5,1
8630,3,24,0,139,6,"Type_3",0,0,63,63,26,0,19,0,9,0,15,0,16,0,8,0,8,0,1.08333333333333,0,1.08333333333333,0,0.375,0,0.625,0,0.666666666666667,0,0.375,0,0.333333333333333,0,13,0,1,0,1,0,1,0,1,0,1,0,0,0,0,0,0,0,9.5,15,9,16,3.5,1,1,0,1,0,1,0,0.5,1,0,0,0.5,1
8683,3,16.5,1,190,0,"Type_3",0,0,82,82,39,0,36,0,10,0,28,0,27,0,9,0,18,0,2.36580882352941,0.143382352941177,2.36580882352941,0.143382352941177,0.606617647058824,0.0367647058823529,1.69852941176471,0.102941176470588,1.63786764705882,0.099264705882353,0.606617647058824,0.0367647058823529,1.09191176470588,0.0661764705882353,11,0,3,0,1,0,1,0,1,0,1,0,1,0,1,0,0.03,0,32,24,23.5,41,10,16,1,0,1,0,1,0,0.5,1,0,0,0.5,1
10455,4,22,0,155,0,"Type_1",17,17,16,16,39.2,2,32.2,2,5,0,16,0,16.6,1,5,0,11.6,1,1.78181818181818,0.0909090909090908,1.78181818181818,0.0909090909090908,0.227272727272727,0,0.727272727272727,0,0.754545454545455,0.0454545454545454,0.227272727272727,0,0.527272727272727,0.0454545454545454,19.8,2,3.8,2,5.6,1,5.6,1,6.6,1,2.2,2,2,0,0.4,1,0.012,0.03,6,21,5.6,21,1.6,1,1,0,1,0,1,0,0.4,1,0,0,0.6,1
10775,3,20,0,153,0,"Type_2",0,0,5,5,20,0,17,0,9,0,12,0,12,0,9,0,3,0,1,0,1,0,0.45,0,0.6,0,0.6,0,0.45,0,0.15,0,10,0,3.5,1,3,0,3,0,3,0,1,0,1,0,0,0,0,0,14.75,18,9,16,7,10,1,0,1,0,1,0,0,0,0,0,1,0
10797,2,34,0,210,0,"Type_1",17,17,32,32,45.3333333333333,1,35.3333333333333,1,6.33333333333333,1,23,0,13,0,4,0,9,0,1.33333333333333,0.0294117647058825,1.33333333333333,0.0294117647058825,0.186274509803922,0.0294117647058823,0.676470588235294,0,0.382352941176471,0,0.186274509803922,0.0294117647058823,0.264705882352941,0,16,0,7,0,4,0,4,0,6,0,1,0,2,0,1,0,0.03,0,17.3333333333333,4,12,12,7,8,1,0,1,0,1,0,0.333333333333333,1,0,0,0.666666666666667,1
10798,1,34,0,209,0,"Type_1",17,17,32,32,45.5,1,35.5,1,6.5,1,23,0,13,0,4,0,9,0,1.33823529411765,0.0294117647058825,1.33823529411765,0.0294117647058825,0.191176470588235,0.0294117647058823,0.676470588235294,0,0.382352941176471,0,0.191176470588235,0.0294117647058823,0.264705882352941,0,16,0,7,0,4,0,4,0,6,0,1,0,2,0,1,0,0.03,0,20,0,20,0,3,2,1,0,1,0,1,0,0,0,0,0,1,0
10847,1,24,0,135,0,"Type_2",0,0,60,60,46,0,36,0,7,0,23,0,13,0,4,0,9,0,1.91666666666667,0,1.91666666666667,0,0.291666666666667,0,0.958333333333333,0,0.541666666666667,0,0.291666666666667,0,0.375,0,16,0,7,0,4,0,4,0,6,0,1,0,2,0,1,0,0.03,0,18,4,14,12,7,6,1,0,1,0,1,0,0,0,0,0,1,0
11087,2,23,0,135,0,"Type_2",0,0,60,60,45,0,35,0,6,0,23,0,13,0,4,0,9,0,1.95652173913043,0,1.95652173913043,0,0.260869565217391,0,1,0,0.565217391304348,0,0.260869565217391,0,0.391304347826087,0,16,0,7,0,4,0,4,0,6,0,1,0,2,0,1,0,0.03,0,18.6666666666667,4,16,12,4.33333333333333,7,1,0,1,0,1,0,0.333333333333333,1,0,0,0.666666666666667,1
11113,1,30,18,182,114,"Type_3",17,17,929,929,45.5,1,35.5,1,6.5,1,23,0,13,0,4,0,9,0,1.66117216117216,0.963369963369963,1.66117216117216,0.963369963369963,0.232600732600733,0.106227106227106,0.842490842490843,0.505494505494506,0.476190476190476,0.285714285714286,0.232600732600733,0.106227106227106,0.32967032967033,0.197802197802198,16,0,7,0,4,0,4,0,6,0,1,0,2,0,1,0,0.03,0,20,0,20,0,3,2,1,0,1,0,1,0,0,0,0,0,1,0
11115,4,23.4,1,135,0,"Type_2",11.33,17,14.67,88,45.4,1,35.4,1,6.4,1,23,0,13,0,4,0,9,0,1.94057971014493,0.0398550724637681,1.94057971014493,0.0398550724637681,0.273188405797101,0.0307971014492754,0.983333333333333,0.0416666666666666,0.555797101449275,0.0235507246376812,0.273188405797101,0.0307971014492754,0.384782608695652,0.016304347826087,16,0,7,0,4,0,4,0,6,0,1,0,2,0,1,0,0.03,0,18.4,4,15.2,12,5.4,8,1,0,1,0,1,0,0.2,1,0,0,0.8,1
11116,2,27,18,163,114,"Type_3",17,17,893,893,45.3333333333333,1,35.3333333333333,1,6.33333333333333,1,23,0,13,0,4,0,9,0,1.82173382173382,0.963369963369963,1.82173382173382,0.963369963369963,0.25030525030525,0.106227106227106,0.926739926739927,0.505494505494506,0.523809523809524,0.285714285714286,0.25030525030525,0.106227106227106,0.362637362637363,0.197802197802198,16,0,7,0,4,0,4,0,6,0,1,0,2,0,1,0,0.03,0,17.3333333333333,4,12,12,7,8,1,0,1,0,1,0,0.333333333333333,1,0,0,0.666666666666667,1
